RACE ID,TRACK,RACE,DISTANCE,GRADE,RUG,NAME,EARLY SPEED,RATED PRICE,PROBABILITY %
242077296,Albion Park,R1,395m,Mdn,1,Father Pat,0.124,6.06,16.50%
242077296,Albion Park,R1,395m,Mdn,2,Tahitian Star,Unknown,5.78,17.30%
242077296,Albion Park,R1,395m,Mdn,3,Marg,Unknown,6.39,15.65%
242077296,Albion Park,R1,395m,Mdn,4,Breakout Lad,Unknown,7.27,13.76%
242077296,Albion Park,R1,395m,Mdn,5,Federal Master,0.469,7.86,12.72%
242077296,Albion Park,R1,395m,Mdn,6,Paris Charm,0.196,53.64,1.86%
242077296,Albion Park,R1,395m,Mdn,7,At The Pond,0.420,11.28,8.87%
242077296,Albion Park,R1,395m,Mdn,8,Ellies Lad,Unknown,7.50,13.33%
242077341,Albion Park,R10,395m,Gr5,1,Raffa,0.686,2.30,43.48%
242077341,Albion Park,R10,395m,Gr5,2,Nacho Ninja,0.547,12.56,7.96%
242077341,Albion Park,R10,395m,Gr5,4,Art Of Deception,0.616,11.72,8.53%
242077341,Albion Park,R10,395m,Gr5,5,Rousey Hayze,0.618,10.40,9.62%
242077341,Albion Park,R10,395m,Gr5,6,Shes Lady Like,0.535,60.15,1.66%
242077341,Albion Park,R10,395m,Gr5,7,Mr Omalley,Unknown,4.98,20.08%
242077341,Albion Park,R10,395m,Gr5,8,Ringbark Ginger,0.417,35.06,2.85%
242077341,Albion Park,R10,395m,Gr5,10,My Mate Nick,0.399,17.14,5.83%
242077346,Albion Park,R11,395m,M5,1,Hello Cyndie,0.297,11.01,9.08%
242077346,Albion Park,R11,395m,M5,2,Whos Cyndie,0.452,13.92,7.18%
242077346,Albion Park,R11,395m,M5,3,Cosmic Kaos,0.705,9.37,10.67%
242077346,Albion Park,R11,395m,M5,4,Bat Sign,0.525,5.99,16.69%
242077346,Albion Park,R11,395m,M5,5,Burrum Rose,0.463,8.62,11.60%
242077346,Albion Park,R11,395m,M5,6,Watch The Franky,0.585,13.00,7.69%
242077346,Albion Park,R11,395m,M5,7,Way Star,0.508,18.52,5.40%
242077346,Albion Park,R11,395m,M5,8,Black Comanche,0.580,3.16,31.65%
242077351,Albion Park,R12,395m,M5,1,Bogie Gale,0.645,1.95,51.28%
242077351,Albion Park,R12,395m,M5,2,Comical Rose,0.340,27.67,3.61%
242077351,Albion Park,R12,395m,M5,3,Cyndies Hope,0.445,6.22,16.08%
242077351,Albion Park,R12,395m,M5,4,Flying Avocado,0.356,11.09,9.02%
242077351,Albion Park,R12,395m,M5,5,Black Piper,0.378,20.08,4.98%
242077351,Albion Park,R12,395m,M5,6,Pennys Princess,0.466,81.86,1.22%
242077351,Albion Park,R12,395m,M5,7,Icy Hot,0.672,12.20,8.20%
242077351,Albion Park,R12,395m,M5,9,Mr Fresh,0.510,17.47,5.72%
242077301,Albion Park,R2,395m,Mdn,1,Hold The Gavel,0.705,2.60,38.46%
242077301,Albion Park,R2,395m,Mdn,2,Conduction,0.482,13.14,7.61%
242077301,Albion Park,R2,395m,Mdn,3,Quick Shot,Unknown,8.67,11.53%
242077301,Albion Park,R2,395m,Mdn,4,Ideas Man,0.234,10.05,9.95%
242077301,Albion Park,R2,395m,Mdn,5,Haras Pest,Unknown,10.23,9.78%
242077301,Albion Park,R2,395m,Mdn,6,Federal Recall,0.182,33.44,2.99%
242077301,Albion Park,R2,395m,Mdn,7,Ballinger Beach,0.439,9.84,10.16%
242077301,Albion Park,R2,395m,Mdn,8,Final Shot,Unknown,10.51,9.51%
242077306,Albion Park,R3,395m,Mdn,1,Forever Smiling,0.287,5.90,16.95%
242077306,Albion Park,R3,395m,Mdn,2,Remember Pal,0.180,77.35,1.29%
242077306,Albion Park,R3,395m,Mdn,3,Kevies Chosen,0.352,4.15,24.10%
242077306,Albion Park,R3,395m,Mdn,4,Wild Banjo,0.406,13.28,7.53%
242077306,Albion Park,R3,395m,Mdn,5,Around The Twist,0.378,8.48,11.79%
242077306,Albion Park,R3,395m,Mdn,6,Hard Style Tiger,0.336,8.99,11.12%
242077306,Albion Park,R3,395m,Mdn,7,Pollys Vibe,0.287,4.22,23.70%
242077306,Albion Park,R3,395m,Mdn,8,One Eye,0.132,28.53,3.51%
242077311,Albion Park,R4,395m,Gr6,1,Nandos King,0.478,2.50,40.00%
242077311,Albion Park,R4,395m,Gr6,2,Comical Hope,0.230,23.16,4.32%
242077311,Albion Park,R4,395m,Gr6,4,Diva Unleashed,0.534,10.91,9.17%
242077311,Albion Park,R4,395m,Gr6,5,Tias Angel,0.245,26.83,3.73%
242077311,Albion Park,R4,395m,Gr6,6,Risk It,0.507,3.00,33.33%
242077311,Albion Park,R4,395m,Gr6,7,Jilliby Shaun,0.212,26.21,3.82%
242077311,Albion Park,R4,395m,Gr6,8,Tiny Rocket,0.268,18.75,5.33%
242077311,Albion Park,R4,395m,Gr6,9,Nine Of Hearts,0.057,346.60,0.29%
242077316,Albion Park,R5,395m,Gr6,2,Flying Seal,0.699,2.05,48.78%
242077316,Albion Park,R5,395m,Gr6,3,Mias My Girl,0.348,26.56,3.77%
242077316,Albion Park,R5,395m,Gr6,5,Boom Boom Bernie,0.168,69.68,1.44%
242077316,Albion Park,R5,395m,Gr6,6,Katy Talks,0.498,8.63,11.59%
242077316,Albion Park,R5,395m,Gr6,7,Feisty Fawny,0.479,5.41,18.48%
242077316,Albion Park,R5,395m,Gr6,8,Wategos Beach,0.319,6.32,15.82%
242077321,Albion Park,R6,395m,Gr5,1,Hes Something,0.669,3.78,26.46%
242077321,Albion Park,R6,395m,Gr5,2,Gail Unleashed,0.787,23.70,4.22%
242077321,Albion Park,R6,395m,Gr5,3,Vanzant Hayze,0.752,6.91,14.47%
242077321,Albion Park,R6,395m,Gr5,4,Dayseas Court,0.700,8.15,12.27%
242077321,Albion Park,R6,395m,Gr5,5,Maryanns Memory,0.344,29.43,3.40%
242077321,Albion Park,R6,395m,Gr5,6,Howdy Elise,0.641,7.65,13.07%
242077321,Albion Park,R6,395m,Gr5,7,Brunswick Dream,0.681,4.46,22.42%
242077321,Albion Park,R6,395m,Gr5,8,Panzer One,0.451,26.71,3.74%
242077326,Albion Park,R7,395m,Gr4/5,1,Obliging Bill,0.737,9.68,10.33%
242077326,Albion Park,R7,395m,Gr4/5,2,Look For Lionel,0.600,3.98,25.13%
242077326,Albion Park,R7,395m,Gr4/5,3,Dayseas Shelly,0.665,9.07,11.03%
242077326,Albion Park,R7,395m,Gr4/5,4,Eagle Three,0.674,12.39,8.07%
242077326,Albion Park,R7,395m,Gr4/5,5,Bella Bunyip,0.657,11.68,8.56%
242077326,Albion Park,R7,395m,Gr4/5,6,Emerald Dragon,0.451,13.88,7.20%
242077326,Albion Park,R7,395m,Gr4/5,7,Shamrock Hayze,0.920,3.85,25.97%
242077326,Albion Park,R7,395m,Gr4/5,8,Obliging Warren,0.797,26.76,3.74%
242077331,Albion Park,R8,395m,FFA,1,Hopes Zone,0.789,1.88,53.19%
242077331,Albion Park,R8,395m,FFA,2,Howdy Lana,0.626,10.25,9.76%
242077331,Albion Park,R8,395m,FFA,3,Federal Fernando,0.656,13.06,7.66%
242077331,Albion Park,R8,395m,FFA,4,Scrubs Rocket,0.867,8.27,12.09%
242077331,Albion Park,R8,395m,FFA,5,Pale Rider,0.601,123.84,0.81%
242077331,Albion Park,R8,395m,FFA,6,Dayseas Katie,0.686,31.64,3.16%
242077331,Albion Park,R8,395m,FFA,7,Howdy Rose,0.668,56.02,1.79%
242077331,Albion Park,R8,395m,FFA,8,Lennys Honey,0.852,8.64,11.57%
242077336,Albion Park,R9,395m,Gr5,1,Mark Jett Power,0.570,7.37,13.57%
242077336,Albion Park,R9,395m,Gr5,2,Fixation,0.497,11.04,9.06%
242077336,Albion Park,R9,395m,Gr5,3,Majestic One,0.789,10.46,9.56%
242077336,Albion Park,R9,395m,Gr5,4,Juniper Rose,0.681,2.38,42.02%
242077336,Albion Park,R9,395m,Gr5,5,Shevchenko Hayze,0.586,15.18,6.59%
242077336,Albion Park,R9,395m,Gr5,6,Curious Caza,0.567,29.82,3.35%
242077336,Albion Park,R9,395m,Gr5,7,Someones Idea,0.673,7.33,13.64%
242077336,Albion Park,R9,395m,Gr5,8,Up Beat,0.695,45.70,2.19%
242070705,Ballarat,R1,390m,Mdn,1,Dim Sim Ollie,0.126,5.55,18.02%
242070705,Ballarat,R1,390m,Mdn,2,Uptown Sally,Unknown,7.43,13.46%
242070705,Ballarat,R1,390m,Mdn,3,South Grange,0.561,32.03,3.12%
242070705,Ballarat,R1,390m,Mdn,4,Paw Enna,0.732,4.10,24.39%
242070705,Ballarat,R1,390m,Mdn,5,Dimora Blitz,Unknown,9.02,11.09%
242070705,Ballarat,R1,390m,Mdn,6,In The West,0.403,16.38,6.11%
242070705,Ballarat,R1,390m,Mdn,7,Dim Sim Rixi,Unknown,8.76,11.42%
242070705,Ballarat,R1,390m,Mdn,8,Theos Dim Sim,Unknown,8.07,12.39%
24207075,Ballarat,R10,390m,Heat,1,Blessed Rain,0.887,1.79,55.87%
24207075,Ballarat,R10,390m,Heat,2,Corinthian,0.687,5.45,18.35%
24207075,Ballarat,R10,390m,Heat,4,Essence,0.932,7.06,14.16%
24207075,Ballarat,R10,390m,Heat,5,Bourbon Bullet,0.614,28.20,3.55%
24207075,Ballarat,R10,390m,Heat,7,Dots Redeemer,0.616,110.16,0.91%
24207075,Ballarat,R10,390m,Heat,8,Atomic Secret,0.638,14.06,7.11%
242070755,Ballarat,R11,390m,Heat,1,Valletta Dash,0.810,14.19,7.05%
242070755,Ballarat,R11,390m,Heat,2,Lightning Range,0.570,4.18,23.92%
242070755,Ballarat,R11,390m,Heat,4,Cosmic Reward,0.718,9.64,10.37%
242070755,Ballarat,R11,390m,Heat,5,Aston Monarchy,0.824,18.28,5.47%
242070755,Ballarat,R11,390m,Heat,7,Panama Storm,0.623,123.73,0.81%
242070755,Ballarat,R11,390m,Heat,8,Short Straw Trev,0.920,1.91,52.36%
24207076,Ballarat,R12,390m,Heat,1,Butterflies Lad,0.551,70.99,1.41%
24207076,Ballarat,R12,390m,Heat,2,Aston Warrior,0.770,34.47,2.90%
24207076,Ballarat,R12,390m,Heat,4,Highly Abrasive,0.710,2.31,43.29%
24207076,Ballarat,R12,390m,Heat,5,Hijack,0.881,4.38,22.83%
24207076,Ballarat,R12,390m,Heat,7,Fluent Action,0.794,4.67,21.41%
24207076,Ballarat,R12,390m,Heat,8,Touch Of Sin,0.732,12.29,8.14%
242070765,Ballarat,R13,450m,Gr4/5,1,Petes Entity,0.666,6.36,15.72%
242070765,Ballarat,R13,450m,Gr4/5,2,Bakis Bale,0.327,31.12,3.21%
242070765,Ballarat,R13,450m,Gr4/5,4,Paw Roxy,0.702,4.99,20.04%
242070765,Ballarat,R13,450m,Gr4/5,5,Mavis Tolmie,0.724,21.37,4.68%
242070765,Ballarat,R13,450m,Gr4/5,7,Paw Xena,0.833,8.67,11.53%
242070765,Ballarat,R13,450m,Gr4/5,8,Lightning Jewel,0.795,2.23,44.84%
24207077,Ballarat,R14,450m,Gr5,1,Paw Marvel,0.514,11.20,8.93%
24207077,Ballarat,R14,450m,Gr5,2,Betsie Bale,0.403,35.07,2.85%
24207077,Ballarat,R14,450m,Gr5,4,Leons Entity,0.708,7.38,13.55%
24207077,Ballarat,R14,450m,Gr5,5,Tornado Tahlia,0.678,4.21,23.75%
24207077,Ballarat,R14,450m,Gr5,7,Reiko Walter,0.317,14.10,7.09%
24207077,Ballarat,R14,450m,Gr5,8,Roscoe Bale,0.658,2.28,43.86%
24207071,Ballarat,R2,450m,Mdn,1,Raven Yvette,Unknown,5.05,19.80%
24207071,Ballarat,R2,450m,Mdn,2,Key Daffodil,Unknown,5.77,17.33%
24207071,Ballarat,R2,450m,Mdn,4,Key Begonia,Unknown,6.77,14.77%
24207071,Ballarat,R2,450m,Mdn,5,Smooth Gas,0.501,9.54,10.48%
24207071,Ballarat,R2,450m,Mdn,7,Rivers Meet,Unknown,7.50,13.33%
24207071,Ballarat,R2,450m,Mdn,8,Wyong Knoxville,0.678,4.12,24.27%
242070715,Ballarat,R3,450m,Mdn,1,Toowoomba Exact,0.073,19.79,5.05%
242070715,Ballarat,R3,450m,Mdn,2,Raven Zaylee,Unknown,5.43,18.42%
242070715,Ballarat,R3,450m,Mdn,4,Dimora Stripey,Unknown,6.37,15.70%
242070715,Ballarat,R3,450m,Mdn,5,Zero Limerick,Unknown,6.50,15.38%
242070715,Ballarat,R3,450m,Mdn,7,Paw Callie,0.508,3.40,29.41%
242070715,Ballarat,R3,450m,Mdn,8,Key Echinacea,Unknown,6.23,16.05%
24207072,Ballarat,R4,450m,Mdn,1,Jaggers Dim Sim,Unknown,5.67,17.64%
24207072,Ballarat,R4,450m,Mdn,2,Blue Khaki,0.360,8.88,11.26%
24207072,Ballarat,R4,450m,Mdn,3,Zelda Braga,0.499,5.98,16.72%
24207072,Ballarat,R4,450m,Mdn,4,Application,Unknown,7.63,13.11%
24207072,Ballarat,R4,450m,Mdn,6,Smooth Dynamite,0.504,6.53,15.31%
24207072,Ballarat,R4,450m,Mdn,7,Raven Audrey,Unknown,8.08,12.38%
24207072,Ballarat,R4,450m,Mdn,8,Raven Xander,Unknown,7.36,13.59%
242070725,Ballarat,R5,390m,Gr4/5,1,Paw Kattia,0.812,16.73,5.98%
242070725,Ballarat,R5,390m,Gr4/5,2,Paw Judas,0.725,16.24,6.16%
242070725,Ballarat,R5,390m,Gr4/5,3,Fabio Giblet,0.708,13.51,7.40%
242070725,Ballarat,R5,390m,Gr4/5,4,Cant Park There,0.534,49.30,2.03%
242070725,Ballarat,R5,390m,Gr4/5,5,Myrniong Storm,0.655,4.22,23.70%
242070725,Ballarat,R5,390m,Gr4/5,6,Shes Reloaded,0.932,3.86,25.91%
242070725,Ballarat,R5,390m,Gr4/5,7,Bull Durham,0.749,3.99,25.06%
242070725,Ballarat,R5,390m,Gr4/5,8,Eagles Fly Alone,0.133,26.11,3.83%
24207073,Ballarat,R6,450m,Gr5,1,Penguin Pat,0.521,6.61,15.13%
24207073,Ballarat,R6,450m,Gr5,2,Perfect Soul,0.561,4.13,24.21%
24207073,Ballarat,R6,450m,Gr5,3,Aston Ryan,0.470,13.05,7.66%
24207073,Ballarat,R6,450m,Gr5,4,Dashing Jeff,0.562,3.37,29.67%
24207073,Ballarat,R6,450m,Gr5,6,Whatever He Said,0.366,10.13,9.87%
24207073,Ballarat,R6,450m,Gr5,7,Obstropalous,0.401,9.96,10.04%
24207073,Ballarat,R6,450m,Gr5,8,Neena Bale,0.408,29.55,3.38%
242070735,Ballarat,R7,450m,Gr6/7,2,Paw Hazeldon,0.578,3.32,30.12%
242070735,Ballarat,R7,450m,Gr6/7,3,Kiwi Ice Cube,0.593,7.80,12.82%
242070735,Ballarat,R7,450m,Gr6/7,4,Aston Currency,0.579,6.47,15.46%
242070735,Ballarat,R7,450m,Gr6/7,5,Reiko Venus,0.467,51.74,1.93%
242070735,Ballarat,R7,450m,Gr6/7,6,Mia Madella,0.704,14.97,6.68%
242070735,Ballarat,R7,450m,Gr6/7,7,My Pal Pedro,0.440,31.43,3.18%
242070735,Ballarat,R7,450m,Gr6/7,8,Paw Uella,0.751,3.36,29.76%
24207074,Ballarat,R8,545m,Gr4/5,1,Tammy Mcivor,0.495,3.07,32.57%
24207074,Ballarat,R8,545m,Gr4/5,2,Urano Bale,0.510,43.12,2.32%
24207074,Ballarat,R8,545m,Gr4/5,3,Pretty Hot,0.437,12.14,8.24%
24207074,Ballarat,R8,545m,Gr4/5,4,Paw Erina,0.741,28.09,3.56%
24207074,Ballarat,R8,545m,Gr4/5,5,Stacys Mum,0.554,20.12,4.97%
24207074,Ballarat,R8,545m,Gr4/5,6,Kensington Flyer,0.722,3.19,31.35%
24207074,Ballarat,R8,545m,Gr4/5,7,Rhythmic Energy,0.523,6.80,14.71%
24207074,Ballarat,R8,545m,Gr4/5,8,Taden Bale,0.548,44.01,2.27%
242070745,Ballarat,R9,390m,Rest,1,Rivia Umiko,0.653,14.28,7.00%
242070745,Ballarat,R9,390m,Rest,2,Edinburgh Bale,0.342,8.87,11.27%
242070745,Ballarat,R9,390m,Rest,4,Talk Backs Back,0.746,3.70,27.03%
242070745,Ballarat,R9,390m,Rest,5,Blow Torch,0.502,11.58,8.64%
242070745,Ballarat,R9,390m,Rest,7,Ultimo,0.591,2.83,35.34%
242070745,Ballarat,R9,390m,Rest,8,Curry For Three,Unknown,9.34,10.71%
24207896,Bendigo,R1,425m,Mdn,1,Miss Barbie,0.542,5.85,17.09%
24207896,Bendigo,R1,425m,Mdn,2,Swiftly Dealt,0.324,28.52,3.51%
24207896,Bendigo,R1,425m,Mdn,3,Drill Baby Drill,0.089,8.81,11.35%
24207896,Bendigo,R1,425m,Mdn,4,Patriot Cougar,0.564,4.37,22.88%
24207896,Bendigo,R1,425m,Mdn,5,Pinaroo Flyer,0.527,6.35,15.75%
24207896,Bendigo,R1,425m,Mdn,6,Barellen Moon,0.379,37.71,2.65%
24207896,Bendigo,R1,425m,Mdn,8,Rain Bomb,0.066,6.73,14.86%
24207896,Bendigo,R1,425m,Mdn,10,Shining Megg,0.612,8.38,11.93%
242079005,Bendigo,R10,425m,Gr7,1,Jodies Angel,0.269,23.71,4.22%
242079005,Bendigo,R10,425m,Gr7,2,Zipping Drake,0.438,23.86,4.19%
242079005,Bendigo,R10,425m,Gr7,3,Miss Jeckell,0.606,4.30,23.26%
242079005,Bendigo,R10,425m,Gr7,4,Paw Forrester,0.163,6.92,14.45%
242079005,Bendigo,R10,425m,Gr7,5,Beast Power,0.356,5.81,17.21%
242079005,Bendigo,R10,425m,Gr7,6,Blue Skylark,0.326,6.16,16.23%
242079005,Bendigo,R10,425m,Gr7,7,My Girl Missy,0.308,15.59,6.41%
242079005,Bendigo,R10,425m,Gr7,8,Thats My Type,0.368,7.13,14.03%
24207901,Bendigo,R11,425m,Gr6,1,Boulder Dash,0.271,5.61,17.83%
24207901,Bendigo,R11,425m,Gr6,2,Always Mia,0.583,4.77,20.96%
24207901,Bendigo,R11,425m,Gr6,3,Funky Faun,0.333,32.52,3.08%
24207901,Bendigo,R11,425m,Gr6,4,Queen Kate,0.601,5.53,18.08%
24207901,Bendigo,R11,425m,Gr6,5,Showgirl Kara,0.417,124.29,0.80%
24207901,Bendigo,R11,425m,Gr6,6,Basement,0.366,3.46,28.90%
24207901,Bendigo,R11,425m,Gr6,7,Hillbilly Lexi,0.363,15.60,6.41%
24207901,Bendigo,R11,425m,Gr6,8,Tonka Bale,0.167,25.48,3.92%
242079015,Bendigo,R12,425m,Gr5,1,Zapatron,0.606,11.06,9.04%
242079015,Bendigo,R12,425m,Gr5,2,Baijiu,0.634,3.74,26.74%
242079015,Bendigo,R12,425m,Gr5,3,Red Shiraz,0.575,8.46,11.82%
242079015,Bendigo,R12,425m,Gr5,4,King Plum,0.493,6.38,15.67%
242079015,Bendigo,R12,425m,Gr5,6,Aston Ember,0.807,6.82,14.66%
242079015,Bendigo,R12,425m,Gr5,7,Artificial Blue,0.589,28.52,3.51%
242079015,Bendigo,R12,425m,Gr5,8,Lakeview Deceah,0.432,15.18,6.59%
242079015,Bendigo,R12,425m,Gr5,9,Lektra Damian,0.401,8.34,11.99%
24207902,Bendigo,R13,425m,Gr5,1,Sandy Cabang,0.280,4.09,24.45%
24207902,Bendigo,R13,425m,Gr5,2,Berry Blue Evie,0.526,32.08,3.12%
24207902,Bendigo,R13,425m,Gr5,3,Paw Valentina,0.442,3.83,26.11%
24207902,Bendigo,R13,425m,Gr5,5,Hillbilly Rocky,0.469,15.49,6.46%
24207902,Bendigo,R13,425m,Gr5,6,Haleigh Vella,0.246,3.91,25.58%
24207902,Bendigo,R13,425m,Gr5,7,Astronomica,0.395,8.09,12.36%
24207902,Bendigo,R13,425m,Gr5,8,Harry Hotcakes,0.539,50.72,1.97%
242078965,Bendigo,R2,425m,Mdn,1,Chill Out Nate,0.128,20.27,4.93%
242078965,Bendigo,R2,425m,Mdn,2,Atomic Diva,0.201,6.34,15.77%
242078965,Bendigo,R2,425m,Mdn,4,Gunai Maverick,0.223,27.63,3.62%
242078965,Bendigo,R2,425m,Mdn,5,Speedy Sammy,0.340,8.65,11.56%
242078965,Bendigo,R2,425m,Mdn,6,Unleash Cripps,0.325,8.91,11.22%
242078965,Bendigo,R2,425m,Mdn,7,Teddy Devil,0.237,13.10,7.63%
242078965,Bendigo,R2,425m,Mdn,8,Lethal Force,0.501,3.10,32.26%
242078965,Bendigo,R2,425m,Mdn,9,Benoit,0.101,7.70,12.99%
24207897,Bendigo,R3,500m,Mdn,1,Miss Maisie,0.469,2.61,38.31%
24207897,Bendigo,R3,500m,Mdn,2,Pattys Dream,0.228,5.82,17.18%
24207897,Bendigo,R3,500m,Mdn,4,Keeleys Babe,0.113,42.77,2.34%
24207897,Bendigo,R3,500m,Mdn,5,Angelani,0.234,18.31,5.46%
24207897,Bendigo,R3,500m,Mdn,6,Greysynd Cruiser,0.256,23.38,4.28%
24207897,Bendigo,R3,500m,Mdn,8,Hollywood Icon,0.192,3.08,32.47%
242078975,Bendigo,R4,425m,Gr5,1,Velox Bale,0.290,4.96,20.16%
242078975,Bendigo,R4,425m,Gr5,2,Ritza Mel,0.108,8.22,12.17%
242078975,Bendigo,R4,425m,Gr5,3,My Compass,0.329,5.77,17.33%
242078975,Bendigo,R4,425m,Gr5,4,Lektra Nick,0.181,198.06,0.50%
242078975,Bendigo,R4,425m,Gr5,5,Solace,0.337,6.62,15.11%
242078975,Bendigo,R4,425m,Gr5,6,Shes Iconic,0.121,137.10,0.73%
242078975,Bendigo,R4,425m,Gr5,7,Absolutely Frank,0.525,10.36,9.65%
242078975,Bendigo,R4,425m,Gr5,8,Mr Flash,0.339,4.11,24.33%
24207898,Bendigo,R5,425m,Gr5,1,Gazing Collinda,0.658,3.53,28.33%
24207898,Bendigo,R5,425m,Gr5,2,Poppy Rick,0.471,12.30,8.13%
24207898,Bendigo,R5,425m,Gr5,3,Smiling Bee,0.131,20.64,4.84%
24207898,Bendigo,R5,425m,Gr5,4,Nalas Ghost,0.198,8.78,11.39%
24207898,Bendigo,R5,425m,Gr5,6,Had A Mischief,0.457,10.74,9.31%
24207898,Bendigo,R5,425m,Gr5,7,Classy Shifter,0.542,25.27,3.96%
24207898,Bendigo,R5,425m,Gr5,8,Smokin Gracie,0.472,6.62,15.11%
24207898,Bendigo,R5,425m,Gr5,9,Paw Jolyn,0.497,5.28,18.94%
242078985,Bendigo,R6,500m,Gr5,1,Alice From Venus,0.568,6.05,16.53%
242078985,Bendigo,R6,500m,Gr5,2,Leave Me In,0.279,5.90,16.95%
242078985,Bendigo,R6,500m,Gr5,3,Forbidden Jutsu,0.236,5.90,16.95%
242078985,Bendigo,R6,500m,Gr5,4,East Of Nome,0.600,7.06,14.16%
242078985,Bendigo,R6,500m,Gr5,5,White Shiraz,0.341,15.48,6.46%
242078985,Bendigo,R6,500m,Gr5,6,Mcivor Alfy,0.279,5.22,19.16%
242078985,Bendigo,R6,500m,Gr5,7,Bobby Baccala,0.190,17.44,5.73%
242078985,Bendigo,R6,500m,Gr5,8,Millers Road,0.360,24.51,4.08%
24207899,Bendigo,R7,500m,Rest,1,Whipping Along,0.210,8.85,11.30%
24207899,Bendigo,R7,500m,Rest,2,Lizard Country,0.189,9.95,10.05%
24207899,Bendigo,R7,500m,Rest,3,Idyllic Meyer,0.224,85.12,1.17%
24207899,Bendigo,R7,500m,Rest,4,All Chores Done,0.569,22.52,4.44%
24207899,Bendigo,R7,500m,Rest,5,Montana Icon,0.457,3.77,26.53%
24207899,Bendigo,R7,500m,Rest,6,Heather Bale,0.434,4.82,20.75%
24207899,Bendigo,R7,500m,Rest,7,Sunny Marionvale,0.193,7.94,12.59%
24207899,Bendigo,R7,500m,Rest,8,Kenneth Bale,0.250,7.61,13.14%
242078995,Bendigo,R8,500m,Gr5,1,Mcivor Jewels,0.370,3.61,27.70%
242078995,Bendigo,R8,500m,Gr5,2,Sweet Begonia,0.396,3.63,27.55%
242078995,Bendigo,R8,500m,Gr5,3,Misty Blue,0.428,30.12,3.32%
242078995,Bendigo,R8,500m,Gr5,4,Kraken Huggie,0.570,11.13,8.98%
242078995,Bendigo,R8,500m,Gr5,5,Dasher Bale,0.132,26.79,3.73%
242078995,Bendigo,R8,500m,Gr5,6,Mcivor Olly,0.345,11.14,8.98%
242078995,Bendigo,R8,500m,Gr5,7,Bree Cabang,0.363,11.26,8.88%
242078995,Bendigo,R8,500m,Gr5,8,Silver Machine,0.644,9.22,10.85%
242079,Bendigo,R9,425m,Gr7,1,Copperhead Dash,0.464,6.23,16.05%
242079,Bendigo,R9,425m,Gr7,2,Little Tic,0.343,47.33,2.11%
242079,Bendigo,R9,425m,Gr7,4,High Cotton,0.390,3.79,26.39%
242079,Bendigo,R9,425m,Gr7,5,Aston Belgian,0.563,14.69,6.81%
242079,Bendigo,R9,425m,Gr7,6,Aston Dunkel,0.637,5.16,19.38%
242079,Bendigo,R9,425m,Gr7,7,Shima Sunset,0.481,16.91,5.91%
242079,Bendigo,R9,425m,Gr7,8,Rock Eternal,0.647,5.17,19.34%
242079,Bendigo,R9,425m,Gr7,10,Spark Lightning,0.335,24.99,4.00%
242077752,Cannington,R1,275m,Gr6,1,Warne Magic,0.360,14.84,6.74%
242077752,Cannington,R1,275m,Gr6,2,Canya Gulfstream,0.376,5.60,17.86%
242077752,Cannington,R1,275m,Gr6,3,El Salvador,0.476,5.51,18.15%
242077752,Cannington,R1,275m,Gr6,4,Kenny Keeping,0.477,17.74,5.64%
242077752,Cannington,R1,275m,Gr6,5,Cheddar Monelli,0.477,4.47,22.37%
242077752,Cannington,R1,275m,Gr6,6,Beautiful Babe,0.442,7.65,13.07%
242077752,Cannington,R1,275m,Gr6,7,Luna Sunrise,0.381,88.54,1.13%
242077752,Cannington,R1,275m,Gr6,8,Aussie Trickster,0.482,6.65,15.04%
242077797,Cannington,R10,275m,Gr5,1,Rocking Roma,0.858,3.48,28.74%
242077797,Cannington,R10,275m,Gr5,2,Dolly Dotty,0.600,8.09,12.36%
242077797,Cannington,R10,275m,Gr5,3,Negroni,0.243,56.63,1.77%
242077797,Cannington,R10,275m,Gr5,4,Ranger Ricksen,0.565,22.30,4.48%
242077797,Cannington,R10,275m,Gr5,5,Sensational Star,0.594,6.39,15.65%
242077797,Cannington,R10,275m,Gr5,6,Sarabi Sinclair,0.511,14.57,6.86%
242077797,Cannington,R10,275m,Gr5,7,Cheers Jax,0.671,12.81,7.81%
242077797,Cannington,R10,275m,Gr5,8,Sunset Skylight,0.878,4.48,22.32%
242077802,Cannington,R11,381m,Gr6,1,Midnight Crave,0.116,24.69,4.05%
242077802,Cannington,R11,381m,Gr6,2,Run Dont Walk,0.343,46.17,2.17%
242077802,Cannington,R11,381m,Gr6,3,Charlies Pick,0.526,4.52,22.12%
242077802,Cannington,R11,381m,Gr6,4,Shes Electric,0.320,135.46,0.74%
242077802,Cannington,R11,381m,Gr6,5,Taming the Tiger,Unknown,3.60,27.78%
242077802,Cannington,R11,381m,Gr6,6,Wahoo Monelli,0.162,39.82,2.51%
242077802,Cannington,R11,381m,Gr6,7,Son Of Frankie,0.535,8.40,11.90%
242077802,Cannington,R11,381m,Gr6,8,Vivid Love,0.528,3.48,28.74%
242077807,Cannington,R12,275m,Gr5,1,Paula Keeping,0.656,4.15,24.10%
242077807,Cannington,R12,275m,Gr5,2,Hoots Me Mum,0.613,11.83,8.45%
242077807,Cannington,R12,275m,Gr5,3,Lil Miki Breeze,0.564,36.03,2.78%
242077807,Cannington,R12,275m,Gr5,4,Bonnie Gray,0.817,3.10,32.26%
242077807,Cannington,R12,275m,Gr5,5,Wizards Delight,0.413,39.98,2.50%
242077807,Cannington,R12,275m,Gr5,6,Radio Flyer,0.471,15.57,6.42%
242077807,Cannington,R12,275m,Gr5,7,Dashing Serpent,0.768,5.77,17.33%
242077807,Cannington,R12,275m,Gr5,8,Charos Noble,0.722,16.37,6.11%
242077812,Cannington,R13,381m,Gr5/6,1,Phantom Runner,0.294,16.80,5.95%
242077812,Cannington,R13,381m,Gr5/6,2,Frantic Phyllis,0.524,3.57,28.01%
242077812,Cannington,R13,381m,Gr5/6,3,Mini Snooze,0.626,7.37,13.57%
242077812,Cannington,R13,381m,Gr5/6,4,Nalah Patanga,0.787,6.86,14.58%
242077812,Cannington,R13,381m,Gr5/6,5,Connie Keeping,0.730,5.30,18.87%
242077812,Cannington,R13,381m,Gr5/6,6,Cyclonic Ashley,0.349,22.49,4.45%
242077812,Cannington,R13,381m,Gr5/6,7,Quid Brother,0.505,17.21,5.81%
242077812,Cannington,R13,381m,Gr5/6,8,Fred Flint,0.606,11.40,8.77%
242077757,Cannington,R2,381m,Mdn,1,Blue Bird Days,0.481,4.21,23.75%
242077757,Cannington,R2,381m,Mdn,2,Shinboner Pixie,0.400,11.83,8.45%
242077757,Cannington,R2,381m,Mdn,3,Akermanis,0.610,6.44,15.53%
242077757,Cannington,R2,381m,Mdn,4,Sunset Bodacious,0.420,7.35,13.61%
242077757,Cannington,R2,381m,Mdn,5,Shinboner Abby,0.256,27.71,3.61%
242077757,Cannington,R2,381m,Mdn,6,Speedy Cruella,0.530,9.20,10.87%
242077757,Cannington,R2,381m,Mdn,7,Ammunition,0.518,6.77,14.77%
242077757,Cannington,R2,381m,Mdn,8,Full Gloss Kwang,0.310,10.63,9.41%
242077762,Cannington,R3,381m,Nvce,1,My Moet,0.490,5.23,19.12%
242077762,Cannington,R3,381m,Nvce,2,Sunset Amanda,0.522,8.75,11.43%
242077762,Cannington,R3,381m,Nvce,3,Paradise Flyer,0.539,17.60,5.68%
242077762,Cannington,R3,381m,Nvce,4,Comanche Tom,0.622,14.55,6.87%
242077762,Cannington,R3,381m,Nvce,5,Sublime,0.535,3.73,26.81%
242077762,Cannington,R3,381m,Nvce,7,Outside The Fire,0.573,5.00,20.00%
242077762,Cannington,R3,381m,Nvce,8,Shirley Keeping,0.489,11.96,8.36%
242077762,Cannington,R3,381m,Nvce,10,Speedy Deville,0.650,59.09,1.69%
242077767,Cannington,R4,520m,Mdn,1,Nash Mash,0.234,8.26,12.11%
242077767,Cannington,R4,520m,Mdn,2,Cool Runnings,0.877,6.15,16.26%
242077767,Cannington,R4,520m,Mdn,3,Ferndale Flyer,0.273,5.31,18.83%
242077767,Cannington,R4,520m,Mdn,4,Fearless Cobra,0.438,13.53,7.39%
242077767,Cannington,R4,520m,Mdn,5,Flame On,0.170,8.82,11.34%
242077767,Cannington,R4,520m,Mdn,6,Not A Patrol,0.832,7.25,13.79%
242077767,Cannington,R4,520m,Mdn,7,Sunset Sapphire,0.440,8.34,11.99%
242077767,Cannington,R4,520m,Mdn,8,Sunset Paris,0.192,12.07,8.29%
242077772,Cannington,R5,520m,Final,1,Aston Ruler,0.606,6.97,14.35%
242077772,Cannington,R5,520m,Final,2,Sunset Diablo,0.729,8.49,11.78%
242077772,Cannington,R5,520m,Final,3,Sunset Owlet,0.568,4.43,22.57%
242077772,Cannington,R5,520m,Final,4,Think Positive,0.666,6.88,14.53%
242077772,Cannington,R5,520m,Final,5,Jai Bubba,0.491,12.08,8.28%
242077772,Cannington,R5,520m,Final,6,Burnt Passion,0.371,14.35,6.97%
242077772,Cannington,R5,520m,Final,7,Impress Hawkins,0.828,8.84,11.31%
242077772,Cannington,R5,520m,Final,8,Rambos Shout,0.423,9.80,10.20%
242077777,Cannington,R6,381m,FFA,1,Turtle Fernando,0.539,15.39,6.50%
242077777,Cannington,R6,381m,FFA,3,Night Lighter,0.861,2.16,46.30%
242077777,Cannington,R6,381m,FFA,4,Obsessed Much,0.748,5.07,19.72%
242077777,Cannington,R6,381m,FFA,5,Sassy Snickers,0.630,10.64,9.40%
242077777,Cannington,R6,381m,FFA,6,Aston Maddox,0.699,17.68,5.66%
242077777,Cannington,R6,381m,FFA,7,Pecorino Monelli,0.571,43.24,2.31%
242077777,Cannington,R6,381m,FFA,8,Slick Angel,0.642,14.90,6.71%
242077777,Cannington,R6,381m,FFA,9,Vander Colin,0.553,29.67,3.37%
242077782,Cannington,R7,520m,Nvce,1,Oliver Grande,0.261,20.33,4.92%
242077782,Cannington,R7,520m,Nvce,2,Midgegooroo Road,0.423,4.65,21.51%
242077782,Cannington,R7,520m,Nvce,3,Rent Free,0.703,13.69,7.30%
242077782,Cannington,R7,520m,Nvce,4,West On Ariel,0.830,4.08,24.51%
242077782,Cannington,R7,520m,Nvce,5,Canya Bypass,0.618,5.56,17.99%
242077782,Cannington,R7,520m,Nvce,6,Tommy The Lion,0.651,12.66,7.90%
242077782,Cannington,R7,520m,Nvce,7,Graceful Reign,0.623,10.80,9.26%
242077782,Cannington,R7,520m,Nvce,8,Send It Alfie,0.564,15.12,6.61%
242077787,Cannington,R8,520m,Gr5/6,1,Gettin Tipsy,0.479,22.86,4.37%
242077787,Cannington,R8,520m,Gr5/6,2,Durango Monelli,0.486,24.27,4.12%
242077787,Cannington,R8,520m,Gr5/6,3,Biscotti Blast,0.484,12.85,7.78%
242077787,Cannington,R8,520m,Gr5/6,4,Fleetwood Kazak,0.663,3.80,26.32%
242077787,Cannington,R8,520m,Gr5/6,5,Sunset Vendetta,0.402,18.39,5.44%
242077787,Cannington,R8,520m,Gr5/6,6,Page One News,0.412,10.49,9.53%
242077787,Cannington,R8,520m,Gr5/6,7,West On Gnocchi,0.503,7.03,14.22%
242077787,Cannington,R8,520m,Gr5/6,8,West On Ace,0.529,3.54,28.25%
242077792,Cannington,R9,381m,Gr4/5,1,Dancing Dennis,0.502,7.66,13.05%
242077792,Cannington,R9,381m,Gr4/5,2,Poppy Tahleia,0.795,12.99,7.70%
242077792,Cannington,R9,381m,Gr4/5,3,Outlaw Mcgraw,0.463,7.04,14.20%
242077792,Cannington,R9,381m,Gr4/5,5,Paid In Full,0.309,4.33,23.09%
242077792,Cannington,R9,381m,Gr4/5,6,Essential Choice,0.481,5.31,18.83%
242077792,Cannington,R9,381m,Gr4/5,7,Glasgow Boy,0.379,25.06,3.99%
242077792,Cannington,R9,381m,Gr4/5,8,Rambo Keeping,0.563,7.96,12.56%
242077792,Cannington,R9,381m,Gr4/5,10,Arctic Crop,0.641,15.29,6.54%
24207864,Gawler,R1,400m,S/E,1,Hey Sarge,0.487,1.89,52.91%
24207864,Gawler,R1,400m,S/E,4,Budgeree,0.596,3.93,25.45%
24207864,Gawler,R1,400m,S/E,7,Phantom Carat,0.482,21.25,4.71%
24207864,Gawler,R1,400m,S/E,8,Spring Diesel,0.440,5.93,16.86%
242078645,Gawler,R2,400m,S/E,1,Witcher Rose,0.514,4.76,21.01%
242078645,Gawler,R2,400m,S/E,4,Jimmy Dewalt,0.548,6.45,15.50%
242078645,Gawler,R2,400m,S/E,6,Binnaway Pearl,0.651,1.89,52.91%
242078645,Gawler,R2,400m,S/E,8,Feel The Venom,0.456,9.38,10.66%
24207865,Gawler,R3,400m,S/E,1,Buzz Bomb,0.458,7.49,13.35%
24207865,Gawler,R3,400m,S/E,2,Binnaway Wizard,0.493,4.22,23.70%
24207865,Gawler,R3,400m,S/E,4,Ivory Pygmy,0.373,3.72,26.88%
24207865,Gawler,R3,400m,S/E,6,Caribbean Crown,0.573,3.22,31.06%
24207865,Gawler,R3,400m,S/E,8,Paw Shayna,0.498,20.18,4.96%
242078655,Gawler,R4,400m,Gr6,2,Obliterated,0.538,6.41,15.60%
242078655,Gawler,R4,400m,Gr6,4,King Toby,0.316,7.18,13.93%
242078655,Gawler,R4,400m,Gr6,5,Sweet Lynette,0.461,14.66,6.82%
242078655,Gawler,R4,400m,Gr6,7,Naturalism,0.538,3.16,31.65%
242078655,Gawler,R4,400m,Gr6,8,Candyman Can,0.721,3.12,32.05%
24207866,Gawler,R5,400m,Gr5,1,Devil Energy,0.523,5.46,18.32%
24207866,Gawler,R5,400m,Gr5,3,Zip Along Lulu,0.492,12.07,8.29%
24207866,Gawler,R5,400m,Gr5,4,Enticement,0.503,19.57,5.11%
24207866,Gawler,R5,400m,Gr5,5,Redshift Jules,0.505,24.13,4.14%
24207866,Gawler,R5,400m,Gr5,6,Aussie Wish,0.480,8.22,12.17%
24207866,Gawler,R5,400m,Gr5,7,Arthur Lee Rose,0.500,15.75,6.35%
24207866,Gawler,R5,400m,Gr5,8,Dashing De Goey,0.636,2.19,45.66%
242078665,Gawler,R6,400m,Gr3/4/5,1,Sand Dragon,0.609,5.23,19.12%
242078665,Gawler,R6,400m,Gr3/4/5,2,Brindle Benny,0.591,4.79,20.88%
242078665,Gawler,R6,400m,Gr3/4/5,4,Our Laura Rose,0.526,27.49,3.64%
242078665,Gawler,R6,400m,Gr3/4/5,5,Deep Purple,0.634,10.06,9.94%
242078665,Gawler,R6,400m,Gr3/4/5,6,My Rusty Halo,0.646,2.94,34.01%
242078665,Gawler,R6,400m,Gr3/4/5,7,Yvonnes Pick,0.592,21.66,4.62%
242078665,Gawler,R6,400m,Gr3/4/5,8,Diligent,0.533,12.73,7.86%
24207867,Gawler,R7,531m,Gr5,1,Bang Bang Jack,0.561,8.40,11.90%
24207867,Gawler,R7,531m,Gr5,2,Big Chief Size,0.521,5.18,19.31%
24207867,Gawler,R7,531m,Gr5,4,Jalapeno Gem,0.450,7.45,13.42%
24207867,Gawler,R7,531m,Gr5,5,Fear The Dragon,0.525,1.97,50.76%
24207867,Gawler,R7,531m,Gr5,7,Allinga Amy,0.353,21.91,4.56%
242078675,Gawler,R8,531m,Gr6,1,Victa Bob,0.253,6.41,15.60%
242078675,Gawler,R8,531m,Gr6,2,Blazing Gold,0.379,8.65,11.56%
242078675,Gawler,R8,531m,Gr6,4,National Grid,0.526,7.53,13.28%
242078675,Gawler,R8,531m,Gr6,5,Nitro Neo,0.497,7.33,13.64%
242078675,Gawler,R8,531m,Gr6,7,Laurens Regret,0.611,2.85,35.09%
242078675,Gawler,R8,531m,Gr6,8,Buffys No Angel,0.513,9.19,10.88%
242077692,Gunnedah,R1,431m,Mdn,1,Snooping,Unknown,4.37,22.88%
242077692,Gunnedah,R1,431m,Mdn,2,Bad Knees,Unknown,3.47,28.82%
242077692,Gunnedah,R1,431m,Mdn,3,Cinnamon Swirl,0.152,7.37,13.57%
242077692,Gunnedah,R1,431m,Mdn,4,Our Dark Ruby,0.160,37.36,2.68%
242077692,Gunnedah,R1,431m,Mdn,5,Together Forever,0.233,4.88,20.49%
242077692,Gunnedah,R1,431m,Mdn,6,Rico Bill Boy,0.301,26.90,3.72%
242077692,Gunnedah,R1,431m,Mdn,8,Road Rager,0.124,12.73,7.86%
242077737,Gunnedah,R10,340m,Gr5,1,Split Em,0.356,7.68,13.02%
242077737,Gunnedah,R10,340m,Gr5,2,Bingo And Bluey,0.679,10.58,9.45%
242077737,Gunnedah,R10,340m,Gr5,3,Corberts Girl,0.615,4.23,23.64%
242077737,Gunnedah,R10,340m,Gr5,4,Abels Dusty,0.710,6.81,14.68%
242077737,Gunnedah,R10,340m,Gr5,5,Bye Bye Pat,0.657,8.77,11.40%
242077737,Gunnedah,R10,340m,Gr5,6,Tralee Rogue,0.260,29.54,3.39%
242077737,Gunnedah,R10,340m,Gr5,7,Honey Double One,0.360,49.19,2.03%
242077737,Gunnedah,R10,340m,Gr5,8,Jamaica Rum,0.613,4.47,22.37%
242077742,Gunnedah,R11,340m,Gr5,1,Franky Scooter,Unknown,5.49,18.21%
242077742,Gunnedah,R11,340m,Gr5,2,Offshore Outlaw,0.587,327.56,0.31%
242077742,Gunnedah,R11,340m,Gr5,3,Federal Lotus,0.619,9.11,10.98%
242077742,Gunnedah,R11,340m,Gr5,4,Drink Rose,0.728,9.04,11.06%
242077742,Gunnedah,R11,340m,Gr5,5,Talk About Turbo,0.528,19.76,5.06%
242077742,Gunnedah,R11,340m,Gr5,6,Time To Crank,0.342,5.94,16.84%
242077742,Gunnedah,R11,340m,Gr5,7,Spot On Fernando,0.343,13.31,7.51%
242077742,Gunnedah,R11,340m,Gr5,8,Stilton Evie,0.133,3.33,30.03%
242077747,Gunnedah,R12,340m,Gr5,1,Roustabout,0.334,7.76,12.89%
242077747,Gunnedah,R12,340m,Gr5,2,Hannah Ford Road,0.228,16.03,6.24%
242077747,Gunnedah,R12,340m,Gr5,3,Bella Keen,0.398,21.81,4.59%
242077747,Gunnedah,R12,340m,Gr5,5,Appreciation,0.231,48.73,2.05%
242077747,Gunnedah,R12,340m,Gr5,6,Zara Go On,0.406,2.92,34.25%
242077747,Gunnedah,R12,340m,Gr5,7,Solo Solo,0.541,2.56,39.06%
242077747,Gunnedah,R12,340m,Gr5,8,Little Bugsy,0.114,98.39,1.02%
242077697,Gunnedah,R2,431m,Gr5,1,Lola McGraw,Unknown,5.79,17.27%
242077697,Gunnedah,R2,431m,Gr5,2,Mr Credits,0.301,110.01,0.91%
242077697,Gunnedah,R2,431m,Gr5,3,Mrs Jacobs,0.762,3.31,30.21%
242077697,Gunnedah,R2,431m,Gr5,4,Irinka Lindsay,0.493,7.15,13.99%
242077697,Gunnedah,R2,431m,Gr5,6,Another Julia,0.360,4.00,25.00%
242077697,Gunnedah,R2,431m,Gr5,7,Solicitor,0.424,19.97,5.01%
242077697,Gunnedah,R2,431m,Gr5,8,Sweet Bevely Ann,0.812,13.13,7.62%
242077702,Gunnedah,R3,431m,Gr5,1,Drink Mickeys,0.474,3.05,32.79%
242077702,Gunnedah,R3,431m,Gr5,2,Dazzle Darling,0.635,10.82,9.24%
242077702,Gunnedah,R3,431m,Gr5,3,So Efficient,0.234,13.35,7.49%
242077702,Gunnedah,R3,431m,Gr5,6,Katie Keeping,0.663,15.24,6.56%
242077702,Gunnedah,R3,431m,Gr5,7,Goofy Gilligan,0.539,4.00,25.00%
242077702,Gunnedah,R3,431m,Gr5,8,Settle,0.612,5.29,18.90%
242077707,Gunnedah,R4,340m,N/G,1,Warren,0.653,7.23,13.83%
242077707,Gunnedah,R4,340m,N/G,2,Pessimism,0.835,4.43,22.57%
242077707,Gunnedah,R4,340m,N/G,3,Toms The One,0.601,104.74,0.95%
242077707,Gunnedah,R4,340m,N/G,6,Cash Run,0.766,3.39,29.50%
242077707,Gunnedah,R4,340m,N/G,7,Blue Alley,0.574,124.65,0.80%
242077707,Gunnedah,R4,340m,N/G,8,Beau Bush,0.697,3.09,32.36%
242077712,Gunnedah,R5,340m,Gr4/5,1,Winlock Way Out,0.727,2.96,33.78%
242077712,Gunnedah,R5,340m,Gr4/5,2,One Run Short,0.616,8.06,12.41%
242077712,Gunnedah,R5,340m,Gr4/5,3,Levings,0.605,2.57,38.91%
242077712,Gunnedah,R5,340m,Gr4/5,4,Moneys On,0.802,21.73,4.60%
242077712,Gunnedah,R5,340m,Gr4/5,5,Django Riggs,0.345,24.96,4.01%
242077712,Gunnedah,R5,340m,Gr4/5,6,Hybrid Eve,0.376,20.64,4.84%
242077712,Gunnedah,R5,340m,Gr4/5,7,Dont Blush Baby,0.695,71.10,1.41%
242077717,Gunnedah,R6,340m,Gr5,1,Final Countdown,0.651,5.30,18.87%
242077717,Gunnedah,R6,340m,Gr5,2,Park Up,0.675,5.62,17.79%
242077717,Gunnedah,R6,340m,Gr5,3,Mahome Boy,0.499,39.40,2.54%
242077717,Gunnedah,R6,340m,Gr5,4,Zipping Renee,0.540,32.42,3.08%
242077717,Gunnedah,R6,340m,Gr5,5,Juno Herrera,0.761,3.18,31.45%
242077717,Gunnedah,R6,340m,Gr5,6,Chana Bomb,0.502,124.85,0.80%
242077717,Gunnedah,R6,340m,Gr5,7,Sage Sheree,0.494,28.30,3.53%
242077717,Gunnedah,R6,340m,Gr5,8,Gracies Tipsy,0.936,4.55,21.98%
242077722,Gunnedah,R7,340m,Gr5,1,Snowfest,0.439,7.03,14.22%
242077722,Gunnedah,R7,340m,Gr5,2,Snidely Whiplash,0.630,12.93,7.73%
242077722,Gunnedah,R7,340m,Gr5,3,Just Tracey,0.524,67.54,1.48%
242077722,Gunnedah,R7,340m,Gr5,4,Mr Munro,0.667,8.89,11.25%
242077722,Gunnedah,R7,340m,Gr5,5,Nitro Jax,0.550,41.95,2.38%
242077722,Gunnedah,R7,340m,Gr5,6,Be A Shame,0.765,8.44,11.85%
242077722,Gunnedah,R7,340m,Gr5,7,Emerald Dancer,0.465,14.48,6.91%
242077722,Gunnedah,R7,340m,Gr5,8,Get Up Tiger,0.451,2.26,44.25%
242077727,Gunnedah,R8,340m,Gr5,1,Five Mile Rose,0.703,2.13,46.95%
242077727,Gunnedah,R8,340m,Gr5,2,Lightning Lily,0.408,13.70,7.30%
242077727,Gunnedah,R8,340m,Gr5,3,Little Miss Ando,0.777,16.55,6.04%
242077727,Gunnedah,R8,340m,Gr5,4,Little Wilma,0.529,599.05,0.17%
242077727,Gunnedah,R8,340m,Gr5,5,Vulcanite,0.745,20.22,4.95%
242077727,Gunnedah,R8,340m,Gr5,6,Special Lad,0.749,4.37,22.88%
242077727,Gunnedah,R8,340m,Gr5,7,Sunset Superman,0.602,9.27,10.79%
242077727,Gunnedah,R8,340m,Gr5,8,Dilly Dilly,0.569,110.99,0.90%
242077732,Gunnedah,R9,340m,Gr5,1,Peytons Wish,0.227,64.07,1.56%
242077732,Gunnedah,R9,340m,Gr5,2,Hip Drop,0.223,5.94,16.84%
242077732,Gunnedah,R9,340m,Gr5,3,Leaving Now,0.498,33.21,3.01%
242077732,Gunnedah,R9,340m,Gr5,4,Jakey Blue,0.280,2.34,42.74%
242077732,Gunnedah,R9,340m,Gr5,5,Trading In,0.679,66.51,1.50%
242077732,Gunnedah,R9,340m,Gr5,6,Dam Panama,0.704,5.29,18.90%
242077732,Gunnedah,R9,340m,Gr5,7,Golden Rough,0.400,17.48,5.72%
242077732,Gunnedah,R9,340m,Gr5,8,Bear Man,0.528,10.24,9.77%
242069808,Richmond,R1,320m,Mdn,1,Miss Goldie,Unknown,6.87,14.56%
242069808,Richmond,R1,320m,Mdn,2,Fantastic Tariq,Unknown,7.54,13.26%
242069808,Richmond,R1,320m,Mdn,3,Club Dozer,Unknown,8.12,12.32%
242069808,Richmond,R1,320m,Mdn,4,Sapphire Rupee,Unknown,8.99,11.12%
242069808,Richmond,R1,320m,Mdn,5,Make Me Shine,0.336,18.33,5.46%
242069808,Richmond,R1,320m,Mdn,6,Hip Hop,0.801,10.15,9.85%
242069808,Richmond,R1,320m,Mdn,7,Cry In Shame,0.637,14.56,6.87%
242069808,Richmond,R1,320m,Mdn,8,Satriani,Unknown,3.77,26.53%
242069853,Richmond,R10,320m,Gr5,1,Milo Rules,0.493,2.04,49.02%
242069853,Richmond,R10,320m,Gr5,2,Speedy Sonic,0.432,39.00,2.56%
242069853,Richmond,R10,320m,Gr5,3,Son Of Dawn,0.584,11.36,8.80%
242069853,Richmond,R10,320m,Gr5,4,So Irrelevant,0.723,14.91,6.71%
242069853,Richmond,R10,320m,Gr5,5,Canya Bonfire,0.736,12.68,7.89%
242069853,Richmond,R10,320m,Gr5,6,Montana Banner,0.544,5.86,17.06%
242069853,Richmond,R10,320m,Gr5,7,Shacoby Storm,0.332,30.67,3.26%
242069853,Richmond,R10,320m,Gr5,8,Global Tracker,0.250,21.01,4.76%
242069858,Richmond,R11,320m,Gr5,1,Brawling Bonnie,0.343,30.32,3.30%
242069858,Richmond,R11,320m,Gr5,2,Kid Power,0.354,7.73,12.94%
242069858,Richmond,R11,320m,Gr5,3,Zipping Clavell,0.462,2.06,48.54%
242069858,Richmond,R11,320m,Gr5,4,Catch Me Fire,0.831,7.26,13.77%
242069858,Richmond,R11,320m,Gr5,5,Chaotic Chick,0.531,24.96,4.01%
242069858,Richmond,R11,320m,Gr5,6,Kiwi Kawa,0.481,13.97,7.16%
242069858,Richmond,R11,320m,Gr5,7,Wicks Bullet,0.562,12.13,8.24%
242069858,Richmond,R11,320m,Gr5,8,Lilly Maree,0.314,49.73,2.01%
242069863,Richmond,R12,320m,N/G,1,Zipping Fowler,0.716,5.83,17.15%
242069863,Richmond,R12,320m,N/G,2,Athlete Tick,0.590,4.51,22.17%
242069863,Richmond,R12,320m,N/G,4,Im Bored,0.920,12.11,8.26%
242069863,Richmond,R12,320m,N/G,5,Crimson Dynamo,0.756,19.46,5.14%
242069863,Richmond,R12,320m,N/G,7,Canya Supersonic,0.697,18.29,5.47%
242069863,Richmond,R12,320m,N/G,8,Sicario Beast,0.584,2.39,41.84%
242069813,Richmond,R2,401m,Mdn,1,Energy Wave,0.683,2.81,35.59%
242069813,Richmond,R2,401m,Mdn,2,Oysters Think,0.366,6.48,15.43%
242069813,Richmond,R2,401m,Mdn,4,Saint Barry,0.389,44.28,2.26%
242069813,Richmond,R2,401m,Mdn,5,Hudson,Unknown,8.27,12.09%
242069813,Richmond,R2,401m,Mdn,7,Spring Flick,0.492,9.26,10.80%
242069813,Richmond,R2,401m,Mdn,8,News At Eight,0.255,49.56,2.02%
242069813,Richmond,R2,401m,Mdn,9,Zipping Schultz,0.036,7.44,13.44%
242069813,Richmond,R2,401m,Mdn,10,Double Two,0.314,11.95,8.37%
242069818,Richmond,R3,320m,Final,1,Run For Dad,0.821,6.39,15.65%
242069818,Richmond,R3,320m,Final,2,Tatiana,0.637,11.50,8.70%
242069818,Richmond,R3,320m,Final,3,Spring Quiz,0.584,6.04,16.56%
242069818,Richmond,R3,320m,Final,4,Cheetah Moon,0.542,13.36,7.49%
242069818,Richmond,R3,320m,Final,5,Dodgers Gal,0.458,6.19,16.16%
242069818,Richmond,R3,320m,Final,6,Vodka Sunrise,0.682,3.83,26.11%
242069818,Richmond,R3,320m,Final,7,Aston Aisling,0.090,27.88,3.59%
242069818,Richmond,R3,320m,Final,9,Canya Rapid Fire,0.422,17.44,5.73%
242069823,Richmond,R4,320m,Gr5,1,Wild Reggie,0.670,10.34,9.67%
242069823,Richmond,R4,320m,Gr5,2,Calla Tilly,0.478,3.84,26.04%
242069823,Richmond,R4,320m,Gr5,3,Muscle Memory,0.496,6.66,15.02%
242069823,Richmond,R4,320m,Gr5,4,Rock It Billie,0.583,12.89,7.76%
242069823,Richmond,R4,320m,Gr5,5,Bridge Wednesday,0.474,3.58,27.93%
242069823,Richmond,R4,320m,Gr5,6,Artists Model,0.533,55.73,1.79%
242069823,Richmond,R4,320m,Gr5,7,Pilot Vehicle,0.445,9.97,10.03%
242069823,Richmond,R4,320m,Gr5,8,Oscar Ville,0.496,57.21,1.75%
242069828,Richmond,R5,320m,Gr5,1,Coal,0.486,13.06,7.66%
242069828,Richmond,R5,320m,Gr5,2,Bugatti Rocks,0.635,4.88,20.49%
242069828,Richmond,R5,320m,Gr5,3,Frankie Ville,0.634,25.76,3.88%
242069828,Richmond,R5,320m,Gr5,4,Live And Free,0.434,5.14,19.46%
242069828,Richmond,R5,320m,Gr5,5,Dark As Dawn,0.518,11.75,8.51%
242069828,Richmond,R5,320m,Gr5,6,Divas Shine,0.809,17.99,5.56%
242069828,Richmond,R5,320m,Gr5,7,Shacoby Lad,0.331,3.40,29.41%
242069828,Richmond,R5,320m,Gr5,8,Hardstyle Ruby,0.515,19.87,5.03%
242069833,Richmond,R6,520m,Rest,1,Still Happy,0.289,20.15,4.96%
242069833,Richmond,R6,520m,Rest,2,Zipping Kirk,0.462,10.65,9.39%
242069833,Richmond,R6,520m,Rest,3,Grand Artist,0.341,44.41,2.25%
242069833,Richmond,R6,520m,Rest,4,Zipping Elijah,0.559,2.94,34.01%
242069833,Richmond,R6,520m,Rest,5,Zipping Dekkers,0.408,3.63,27.55%
242069833,Richmond,R6,520m,Rest,6,Zipping Severus,0.202,31.72,3.15%
242069833,Richmond,R6,520m,Rest,7,Armatree Honey,0.796,17.01,5.88%
242069833,Richmond,R6,520m,Rest,8,Zipping McKeon,Unknown,7.83,12.77%
242069838,Richmond,R7,520m,Gr5,1,Sneaky Chamber,0.580,3.82,26.18%
242069838,Richmond,R7,520m,Gr5,2,Mr Informant,0.584,9.81,10.19%
242069838,Richmond,R7,520m,Gr5,3,Pink Panama,0.307,30.64,3.26%
242069838,Richmond,R7,520m,Gr5,4,Blocked,0.681,7.84,12.76%
242069838,Richmond,R7,520m,Gr5,5,Zipping Zodiac,0.313,2.89,34.60%
242069838,Richmond,R7,520m,Gr5,6,Wow Its Me,0.585,19.68,5.08%
242069838,Richmond,R7,520m,Gr5,7,Fascinate Swift,0.285,44.56,2.24%
242069838,Richmond,R7,520m,Gr5,8,Cait Rods Fly,0.533,17.63,5.67%
242069843,Richmond,R8,320m,Gr5,1,Major Soko,0.405,5.70,17.54%
242069843,Richmond,R8,320m,Gr5,2,Trips And Cars,0.394,5.34,18.73%
242069843,Richmond,R8,320m,Gr5,3,Corless A Breeze,0.635,10.52,9.51%
242069843,Richmond,R8,320m,Gr5,4,Corless A Sailor,0.737,20.27,4.93%
242069843,Richmond,R8,320m,Gr5,5,Micks Pick,0.485,19.39,5.16%
242069843,Richmond,R8,320m,Gr5,6,Sister One,0.515,22.32,4.48%
242069843,Richmond,R8,320m,Gr5,7,Cheeky Sloy,0.663,6.78,14.75%
242069843,Richmond,R8,320m,Gr5,8,Out Pace,0.394,4.01,24.94%
242069848,Richmond,R9,320m,Gr5,1,Heleens Pennies,0.672,16.82,5.95%
242069848,Richmond,R9,320m,Gr5,2,Vonnie Lee,0.549,16.80,5.95%
242069848,Richmond,R9,320m,Gr5,3,Made In London,0.572,2.17,46.08%
242069848,Richmond,R9,320m,Gr5,4,Bonnie Pride,0.872,18.17,5.50%
242069848,Richmond,R9,320m,Gr5,5,Lucia Power,0.693,7.03,14.22%
242069848,Richmond,R9,320m,Gr5,6,Angel Meg,0.543,11.56,8.65%
242069848,Richmond,R9,320m,Gr5,7,Up The Score,0.463,128.91,0.78%
242069848,Richmond,R9,320m,Gr5,8,Aston Mikaela,0.457,7.84,12.76%
242078534,Rockhampton,R1,407m,Final,1,Rosas Robbie,0.455,7.91,12.64%
242078534,Rockhampton,R1,407m,Final,2,Bev Beach,0.682,10.08,9.92%
242078534,Rockhampton,R1,407m,Final,3,Exploitation,0.506,9.14,10.94%
242078534,Rockhampton,R1,407m,Final,4,Canya Sunset,0.487,7.59,13.18%
242078534,Rockhampton,R1,407m,Final,5,Blackjack Bob,0.482,16.03,6.24%
242078534,Rockhampton,R1,407m,Final,7,Tanned And Taut,0.818,4.91,20.37%
242078534,Rockhampton,R1,407m,Final,8,Blanco Fire,0.542,3.95,25.32%
242078534,Rockhampton,R1,407m,Final,9,Get Em Bud,Unknown,71.27,1.40%
242078579,Rockhampton,R10,407m,Semi,2,Mandela Hayze,0.681,4.32,23.15%
242078579,Rockhampton,R10,407m,Semi,3,Such A Life,0.420,12.80,7.81%
242078579,Rockhampton,R10,407m,Semi,4,Arnie Ferrari,0.354,17.52,5.71%
242078579,Rockhampton,R10,407m,Semi,5,Weblec Whisper,0.410,19.30,5.18%
242078579,Rockhampton,R10,407m,Semi,6,Farmor Bacardi,0.453,3.56,28.09%
242078579,Rockhampton,R10,407m,Semi,7,Cambla Princess,0.642,30.28,3.30%
242078579,Rockhampton,R10,407m,Semi,8,Chapman Beach,0.551,9.08,11.01%
242078579,Rockhampton,R10,407m,Semi,9,Cambla Bliss,0.353,6.35,15.75%
242078584,Rockhampton,R11,407m,Semi,2,Cardi Rocks,0.563,8.28,12.08%
242078584,Rockhampton,R11,407m,Semi,3,Farmor Leeway,0.785,11.72,8.53%
242078584,Rockhampton,R11,407m,Semi,4,Lucky Red,0.713,3.23,30.96%
242078584,Rockhampton,R11,407m,Semi,5,Past Tense,0.426,10.05,9.95%
242078584,Rockhampton,R11,407m,Semi,6,Keep Paying,0.537,8.78,11.39%
242078584,Rockhampton,R11,407m,Semi,7,Kingsbrae Smokey,0.752,7.40,13.51%
242078584,Rockhampton,R11,407m,Semi,8,Cane Smoke,0.258,28.76,3.48%
242078584,Rockhampton,R11,407m,Semi,9,Swerve,0.607,9.93,10.07%
242078589,Rockhampton,R12,407m,Semi,1,Quinlan,0.396,7.03,14.22%
242078589,Rockhampton,R12,407m,Semi,2,Awesome Cambla,0.369,6.64,15.06%
242078589,Rockhampton,R12,407m,Semi,3,Flickin Fifties,0.397,7.96,12.56%
242078589,Rockhampton,R12,407m,Semi,5,Twisted Yew,0.550,8.42,11.88%
242078589,Rockhampton,R12,407m,Semi,7,Go Go Cambla,0.570,7.42,13.48%
242078589,Rockhampton,R12,407m,Semi,8,Beryls Pride,0.352,5.97,16.75%
242078589,Rockhampton,R12,407m,Semi,9,Darts Night,0.590,8.80,11.36%
242078589,Rockhampton,R12,407m,Semi,10,Zipper Jack,0.513,21.34,4.69%
242078539,Rockhampton,R2,510m,Heat,1,Bears Bullet,0.600,3.64,27.47%
242078539,Rockhampton,R2,510m,Heat,2,Im Old School,0.754,9.27,10.79%
242078539,Rockhampton,R2,510m,Heat,3,Drink Tins,0.553,6.48,15.43%
242078539,Rockhampton,R2,510m,Heat,4,Canya Atomic,0.524,8.07,12.39%
242078539,Rockhampton,R2,510m,Heat,6,Tijuana Twinkle,0.531,20.23,4.94%
242078539,Rockhampton,R2,510m,Heat,7,Canya Escape,0.650,6.19,16.16%
242078539,Rockhampton,R2,510m,Heat,8,Comedy Act,0.479,7.81,12.80%
242078544,Rockhampton,R3,510m,Heat,1,End Of Story,0.696,4.64,21.55%
242078544,Rockhampton,R3,510m,Heat,2,Farmor Fired Up,0.646,7.03,14.22%
242078544,Rockhampton,R3,510m,Heat,3,Traviss Scrub,0.856,3.71,26.95%
242078544,Rockhampton,R3,510m,Heat,4,Big Easy Al,0.742,11.26,8.88%
242078544,Rockhampton,R3,510m,Heat,6,Who Goes There,0.585,14.98,6.68%
242078544,Rockhampton,R3,510m,Heat,8,Duffman,0.784,4.61,21.69%
242078549,Rockhampton,R4,510m,Heat,1,Shes A Bumpy,0.718,1.96,51.02%
242078549,Rockhampton,R4,510m,Heat,3,Custards Son,0.536,8.74,11.44%
242078549,Rockhampton,R4,510m,Heat,6,Winter Bale,0.523,7.21,13.87%
242078549,Rockhampton,R4,510m,Heat,7,Tagovailoa,0.307,6.95,14.39%
242078549,Rockhampton,R4,510m,Heat,8,Out The Bottle,0.384,10.92,9.16%
242078554,Rockhampton,R5,510m,Heat,1,Sneaky Pete,0.528,7.50,13.33%
242078554,Rockhampton,R5,510m,Heat,2,Backcreek Benny,0.323,2.50,40.00%
242078554,Rockhampton,R5,510m,Heat,4,Zipping Rove,0.550,5.95,16.81%
242078554,Rockhampton,R5,510m,Heat,5,Claretown Sadie,0.544,6.00,16.67%
242078554,Rockhampton,R5,510m,Heat,6,Aidans Queen,0.880,10.62,9.42%
242078554,Rockhampton,R5,510m,Heat,7,Bar One Smokers,0.466,27.02,3.70%
242078559,Rockhampton,R6,510m,Heat,1,Flaming Galah,0.581,9.06,11.04%
242078559,Rockhampton,R6,510m,Heat,2,Waikarie Venom,0.561,7.25,13.79%
242078559,Rockhampton,R6,510m,Heat,3,Heffernan Bale,0.460,16.00,6.25%
242078559,Rockhampton,R6,510m,Heat,4,Abraxas Bale,0.401,34.06,2.94%
242078559,Rockhampton,R6,510m,Heat,5,Ruxton Flame,0.548,46.64,2.14%
242078559,Rockhampton,R6,510m,Heat,6,Modelo,0.811,5.84,17.12%
242078559,Rockhampton,R6,510m,Heat,7,Blue Art,0.486,6.78,14.75%
242078559,Rockhampton,R6,510m,Heat,8,Super Scrub,0.866,3.13,31.95%
242078564,Rockhampton,R7,510m,Heat,1,Jens Joy,0.616,4.32,23.15%
242078564,Rockhampton,R7,510m,Heat,2,Star Turn,0.762,5.43,18.42%
242078564,Rockhampton,R7,510m,Heat,3,Sober Meredith,0.479,14.27,7.01%
242078564,Rockhampton,R7,510m,Heat,4,Gretzky,0.408,16.60,6.02%
242078564,Rockhampton,R7,510m,Heat,5,Mondo Cortez,0.529,13.68,7.31%
242078564,Rockhampton,R7,510m,Heat,6,City Way,0.535,26.54,3.77%
242078564,Rockhampton,R7,510m,Heat,7,Play Dirty,0.597,3.26,30.67%
242078564,Rockhampton,R7,510m,Heat,8,Farmor Casual,0.544,27.52,3.63%
242078569,Rockhampton,R8,510m,Heat,1,Validate,0.622,4.30,23.26%
242078569,Rockhampton,R8,510m,Heat,2,Flying Goddess,0.647,9.91,10.09%
242078569,Rockhampton,R8,510m,Heat,3,On Report,0.584,9.18,10.89%
242078569,Rockhampton,R8,510m,Heat,4,King Eternal,0.275,23.48,4.26%
242078569,Rockhampton,R8,510m,Heat,5,Speedy Scrub,0.713,7.54,13.26%
242078569,Rockhampton,R8,510m,Heat,6,Tuta Storm,0.514,19.35,5.17%
242078569,Rockhampton,R8,510m,Heat,8,Magistrate,0.705,3.02,33.11%
242078574,Rockhampton,R9,407m,FFA,1,Unique,0.628,4.58,21.83%
242078574,Rockhampton,R9,407m,FFA,2,Easy To See,0.572,10.02,9.98%
242078574,Rockhampton,R9,407m,FFA,4,Nakisha,0.862,4.54,22.03%
242078574,Rockhampton,R9,407m,FFA,5,Coin Counter,0.750,6.45,15.50%
242078574,Rockhampton,R9,407m,FFA,6,Ranger Beach,0.650,13.32,7.51%
242078574,Rockhampton,R9,407m,FFA,7,Miss Etiquette,0.547,24.25,4.12%
242078574,Rockhampton,R9,407m,FFA,8,Airborne Beach,0.683,5.91,16.92%
242078574,Rockhampton,R9,407m,FFA,9,Central Locking,0.420,48.08,2.08%
242077592,Sale,R1,435m,Mdn,1,Belfast Green,0.451,14.33,6.98%
242077592,Sale,R1,435m,Mdn,2,Lindenow Jimmy,0.254,4.23,23.64%
242077592,Sale,R1,435m,Mdn,3,Dr Diablo,0.102,208.04,0.48%
242077592,Sale,R1,435m,Mdn,4,Whizbang Archer,0.330,30.55,3.27%
242077592,Sale,R1,435m,Mdn,5,Go See Ian,0.144,7.36,13.59%
242077592,Sale,R1,435m,Mdn,6,Big Bruce,0.508,4.75,21.05%
242077592,Sale,R1,435m,Mdn,7,Sleek Machine,0.083,105.60,0.95%
242077592,Sale,R1,435m,Mdn,8,Newbrock Tilly,0.563,3.33,30.03%
242077637,Sale,R10,435m,Gr6,1,Elodie Rose,0.110,5.38,18.59%
242077637,Sale,R10,435m,Gr6,2,Dancing Darcie,0.571,17.10,5.85%
242077637,Sale,R10,435m,Gr6,3,Our Glad,0.690,8.97,11.15%
242077637,Sale,R10,435m,Gr6,4,Wrong Missy,0.259,6.98,14.33%
242077637,Sale,R10,435m,Gr6,5,Alcaraz,0.587,4.78,20.92%
242077637,Sale,R10,435m,Gr6,6,Hurricane Pat,0.310,"1,571.36",0.06%
242077637,Sale,R10,435m,Gr6,7,Opetaia,0.342,4.53,22.08%
242077637,Sale,R10,435m,Gr6,8,Lakeview April,0.262,14.22,7.03%
242077642,Sale,R11,435m,Gr5,1,Somerton June,0.579,6.20,16.13%
242077642,Sale,R11,435m,Gr5,2,Good As Gone,0.680,13.04,7.67%
242077642,Sale,R11,435m,Gr5,3,Stellar Career,0.657,3.71,26.95%
242077642,Sale,R11,435m,Gr5,4,Arkstorm,0.332,9.09,11.00%
242077642,Sale,R11,435m,Gr5,5,Strike It Ryker,0.716,7.06,14.16%
242077642,Sale,R11,435m,Gr5,7,In Their Honour,0.510,4.80,20.83%
242077642,Sale,R11,435m,Gr5,8,Johnnys Revenge,0.383,31.01,3.22%
242077647,Sale,R12,435m,Gr5,1,Dr Spokes,0.371,15.13,6.61%
242077647,Sale,R12,435m,Gr5,2,Evolve,0.544,4.35,22.99%
242077647,Sale,R12,435m,Gr5,3,Nadias Charm,0.480,9.47,10.56%
242077647,Sale,R12,435m,Gr5,4,Unsurpassed,0.270,20.01,5.00%
242077647,Sale,R12,435m,Gr5,5,Destini Paladin,0.448,3.88,25.77%
242077647,Sale,R12,435m,Gr5,6,Mega Banjo Boy,0.272,322.34,0.31%
242077647,Sale,R12,435m,Gr5,7,Kilmany Warrior,0.435,4.56,21.93%
242077647,Sale,R12,435m,Gr5,8,Be Charming,0.627,14.66,6.82%
242077597,Sale,R2,435m,Mdn,1,Skywalker Rose,0.374,5.75,17.39%
242077597,Sale,R2,435m,Mdn,2,Dr Reignite,0.412,47.47,2.11%
242077597,Sale,R2,435m,Mdn,3,Warrior Lisa,0.532,5.00,20.00%
242077597,Sale,R2,435m,Mdn,4,Whizbang Hudson,0.323,13.46,7.43%
242077597,Sale,R2,435m,Mdn,5,So Angelic,0.318,15.21,6.57%
242077597,Sale,R2,435m,Mdn,6,Splashed,0.300,4.59,21.79%
242077597,Sale,R2,435m,Mdn,7,Hurricane Lucy,0.220,166.51,0.60%
242077597,Sale,R2,435m,Mdn,8,Eyewitness,0.344,4.15,24.10%
242077602,Sale,R3,435m,Gr7,1,Indestruct,0.304,10.50,9.52%
242077602,Sale,R3,435m,Gr7,2,Tiles And Wine,0.220,37.51,2.67%
242077602,Sale,R3,435m,Gr7,3,Master Eduardo,0.193,40.18,2.49%
242077602,Sale,R3,435m,Gr7,4,Jades Hot,0.485,5.44,18.38%
242077602,Sale,R3,435m,Gr7,5,Darnum Rain,0.390,3.47,28.82%
242077602,Sale,R3,435m,Gr7,6,Olivia Lee Rose,0.514,4.64,21.55%
242077602,Sale,R3,435m,Gr7,7,Pinot Grigio,0.462,15.24,6.56%
242077602,Sale,R3,435m,Gr7,8,Hannas Avatar,0.581,9.97,10.03%
242077607,Sale,R4,435m,Gr7,1,Somerton Ann,0.428,2.71,36.90%
242077607,Sale,R4,435m,Gr7,2,Parumba Cha Cha,0.630,4.50,22.22%
242077607,Sale,R4,435m,Gr7,3,Rochard,0.460,62.10,1.61%
242077607,Sale,R4,435m,Gr7,4,Pants,0.613,12.05,8.30%
242077607,Sale,R4,435m,Gr7,5,Alpha Girl,0.543,33.99,2.94%
242077607,Sale,R4,435m,Gr7,6,Warrior Tommy,0.523,4.22,23.70%
242077607,Sale,R4,435m,Gr7,7,Waikiki Pearl,0.143,30.37,3.29%
242077607,Sale,R4,435m,Gr7,8,Eternal Capers,0.180,95.50,1.05%
242077612,Sale,R5,435m,Gr5,1,Sapphire Speed,0.547,2.50,40.00%
242077612,Sale,R5,435m,Gr5,2,Hurricane Max,0.298,33.36,3.00%
242077612,Sale,R5,435m,Gr5,3,Gaslight Capers,0.345,14.83,6.74%
242077612,Sale,R5,435m,Gr5,4,Dr Ducky,0.451,11.54,8.67%
242077612,Sale,R5,435m,Gr5,5,Magical Paws,0.325,28.75,3.48%
242077612,Sale,R5,435m,Gr5,6,Lets Go Georgi,0.515,3.66,27.32%
242077612,Sale,R5,435m,Gr5,7,Hurricane Miami,0.209,"10,160.91",0.01%
242077612,Sale,R5,435m,Gr5,8,Be Rugged,0.466,9.22,10.85%
242077617,Sale,R6,510m,Gr6/7,1,Hard Copy,0.305,6.02,16.61%
242077617,Sale,R6,510m,Gr6/7,2,Steal the Show,Unknown,6.22,16.08%
242077617,Sale,R6,510m,Gr6/7,3,Warrior Lizzy,0.208,25.96,3.85%
242077617,Sale,R6,510m,Gr6/7,4,Ballymac Storm,0.562,3.94,25.38%
242077617,Sale,R6,510m,Gr6/7,6,Earn A Zack,0.417,7.09,14.10%
242077617,Sale,R6,510m,Gr6/7,7,Jumbuk Star,0.177,11.28,8.87%
242077617,Sale,R6,510m,Gr6/7,8,My Mate Trinny,0.166,6.61,15.13%
242077622,Sale,R7,435m,Gr5,1,Crew,0.433,18.86,5.30%
242077622,Sale,R7,435m,Gr5,2,Soda Hawk,0.434,8.87,11.27%
242077622,Sale,R7,435m,Gr5,3,Best Dressed,0.616,4.14,24.15%
242077622,Sale,R7,435m,Gr5,4,Before Noon,0.501,351.37,0.28%
242077622,Sale,R7,435m,Gr5,5,Akina Jazz,0.514,4.04,24.75%
242077622,Sale,R7,435m,Gr5,6,Fly Chic,0.603,7.72,12.95%
242077622,Sale,R7,435m,Gr5,7,Dr Bell,0.770,7.79,12.84%
242077622,Sale,R7,435m,Gr5,8,Path Of Glory,0.403,11.86,8.43%
242077627,Sale,R8,510m,Gr5,1,Our Tiger Norma,0.314,10.53,9.50%
242077627,Sale,R8,510m,Gr5,2,Be A Character,0.540,16.41,6.09%
242077627,Sale,R8,510m,Gr5,3,Lakeview Jack,0.357,38.08,2.63%
242077627,Sale,R8,510m,Gr5,4,Shes Versace,0.286,3.81,26.25%
242077627,Sale,R8,510m,Gr5,5,Madalia Tipper,0.121,19.56,5.11%
242077627,Sale,R8,510m,Gr5,6,Mighty Hercules,0.203,13.43,7.45%
242077627,Sale,R8,510m,Gr5,7,Busters Dream,0.314,5.44,18.38%
242077627,Sale,R8,510m,Gr5,8,Hawkeyed Kid,0.468,4.07,24.57%
242077632,Sale,R9,435m,Gr6,1,Mad Kev,0.260,11.66,8.58%
242077632,Sale,R9,435m,Gr6,2,Dr Katarina,0.390,18.60,5.38%
242077632,Sale,R9,435m,Gr6,3,Episode Five,0.447,29.15,3.43%
242077632,Sale,R9,435m,Gr6,4,Rewritten,0.372,76.50,1.31%
242077632,Sale,R9,435m,Gr6,5,Boo Boo Giblet,0.693,5.65,17.70%
242077632,Sale,R9,435m,Gr6,6,Christas Girl,0.433,3.04,32.89%
242077632,Sale,R9,435m,Gr6,7,Jovial Gem,0.693,4.92,20.33%
242077632,Sale,R9,435m,Gr6,8,Ignatius Rose,0.073,9.67,10.34%
242070645,Taree,R1,300m,Mdn,1,Ella Black,0.312,4.11,24.33%
242070645,Taree,R1,300m,Mdn,2,Sasha Maree,Unknown,5.24,19.08%
242070645,Taree,R1,300m,Mdn,4,Malia,0.290,35.51,2.82%
242070645,Taree,R1,300m,Mdn,5,Noahs Mekong,0.428,6.36,15.72%
242070645,Taree,R1,300m,Mdn,6,Last Shot Ripper,0.341,7.88,12.69%
242070645,Taree,R1,300m,Mdn,7,Tralee Beauty,0.368,14.02,7.13%
242070645,Taree,R1,300m,Mdn,8,Runaway Simba,0.427,14.73,6.79%
242070645,Taree,R1,300m,Mdn,9,Kiarni Bad Girl,0.281,8.76,11.42%
24207069,Taree,R10,300m,Gr5,1,Smooth Jess,0.433,4.86,20.58%
24207069,Taree,R10,300m,Gr5,2,Dynamic Rebel,0.608,3.87,25.84%
24207069,Taree,R10,300m,Gr5,3,Tralee Richie,0.276,37.53,2.66%
24207069,Taree,R10,300m,Gr5,4,Miss Ziva,0.575,4.98,20.08%
24207069,Taree,R10,300m,Gr5,5,Stole My Bone,0.648,11.28,8.87%
24207069,Taree,R10,300m,Gr5,6,Rapid Snip,0.744,7.04,14.20%
24207069,Taree,R10,300m,Gr5,7,Cundle Zack,0.671,67.42,1.48%
24207069,Taree,R10,300m,Gr5,8,Ravioli,0.660,15.94,6.27%
242070695,Taree,R11,300m,Gr5,1,Gigi La Femme,0.607,11.32,8.83%
242070695,Taree,R11,300m,Gr5,2,Overriding,0.856,2.58,38.76%
242070695,Taree,R11,300m,Gr5,3,Transpose,0.570,11.43,8.75%
242070695,Taree,R11,300m,Gr5,4,My Runaway,0.717,9.11,10.98%
242070695,Taree,R11,300m,Gr5,5,Sirius Cuddles,0.378,27.04,3.70%
242070695,Taree,R11,300m,Gr5,6,Ballyneale Bull,0.516,22.87,4.37%
242070695,Taree,R11,300m,Gr5,7,Suspect,0.718,52.14,1.92%
242070695,Taree,R11,300m,Gr5,8,Reel Em Bluey,Unknown,4.42,22.62%
2420707,Taree,R12,300m,Gr5,1,Kiarni Terror,0.368,6.93,14.43%
2420707,Taree,R12,300m,Gr5,2,Return An Earn,0.639,9.28,10.78%
2420707,Taree,R12,300m,Gr5,3,Not A Boodie,0.775,3.56,28.09%
2420707,Taree,R12,300m,Gr5,4,Norbert Bale,0.429,16.94,5.90%
2420707,Taree,R12,300m,Gr5,5,Shes Silky,0.799,10.67,9.37%
2420707,Taree,R12,300m,Gr5,6,Burgin Blooded,0.663,22.64,4.42%
2420707,Taree,R12,300m,Gr5,7,Raining Bourbon,0.751,11.44,8.74%
2420707,Taree,R12,300m,Gr5,8,Weekend Scotch,0.663,5.46,18.32%
24207065,Taree,R2,300m,Mdn,1,Gypsy Holly,0.487,19.40,5.15%
24207065,Taree,R2,300m,Mdn,2,Sugar Drop Baby,0.798,5.94,16.84%
24207065,Taree,R2,300m,Mdn,4,Kiarni Bad Boy,0.319,6.12,16.34%
24207065,Taree,R2,300m,Mdn,5,Ironbark Boy,0.539,5.59,17.89%
24207065,Taree,R2,300m,Mdn,6,Zipping Astrid,0.524,6.76,14.79%
24207065,Taree,R2,300m,Mdn,7,Noahs Own,0.265,15.05,6.64%
24207065,Taree,R2,300m,Mdn,8,She Reacts,0.634,13.75,7.27%
24207065,Taree,R2,300m,Mdn,9,Renegade Lee,0.298,6.65,15.04%
242070655,Taree,R3,300m,Gr5,1,Marra Lad,0.714,7.65,13.07%
242070655,Taree,R3,300m,Gr5,2,Pippa,0.574,6.27,15.95%
242070655,Taree,R3,300m,Gr5,3,Kiarni Bolt,0.592,26.93,3.71%
242070655,Taree,R3,300m,Gr5,4,Cosmic Nugget,0.384,242.01,0.41%
242070655,Taree,R3,300m,Gr5,5,Jilliby Dan,0.520,8.42,11.88%
242070655,Taree,R3,300m,Gr5,6,Manila Sports,0.506,2.37,42.19%
242070655,Taree,R3,300m,Gr5,7,Sweet Vicious,0.415,35.43,2.82%
242070655,Taree,R3,300m,Gr5,8,All The Bling,0.569,10.05,9.95%
24207066,Taree,R4,300m,Gr5,1,Love Me Again,0.836,11.85,8.44%
24207066,Taree,R4,300m,Gr5,2,Zip Me,0.546,14.34,6.97%
24207066,Taree,R4,300m,Gr5,3,Lethal La Femme,0.750,9.39,10.65%
24207066,Taree,R4,300m,Gr5,4,Kiarni Phantom,0.429,9.93,10.07%
24207066,Taree,R4,300m,Gr5,5,Key Is Slick,0.537,23.97,4.17%
24207066,Taree,R4,300m,Gr5,6,Majestic Tyson,0.781,12.51,7.99%
24207066,Taree,R4,300m,Gr5,7,Fascinate Bailey,0.664,14.02,7.13%
24207066,Taree,R4,300m,Gr5,8,Nukkunya,0.642,2.24,44.64%
242070665,Taree,R5,525m,Rest,1,Nans Me Barber,0.579,7.87,12.71%
242070665,Taree,R5,525m,Rest,2,Tempting Lulu,0.638,5.54,18.05%
242070665,Taree,R5,525m,Rest,3,Probably Do,0.201,8.80,11.36%
242070665,Taree,R5,525m,Rest,4,Cyclone Cody,0.218,7.72,12.95%
242070665,Taree,R5,525m,Rest,5,Cruising Along,0.228,23.46,4.26%
242070665,Taree,R5,525m,Rest,6,Tiger Like,0.608,7.93,12.61%
242070665,Taree,R5,525m,Rest,7,Alfies Princess,0.415,4.30,23.26%
242070665,Taree,R5,525m,Rest,8,Spunky Monkey,0.326,20.86,4.79%
24207067,Taree,R6,525m,Rest,1,Rugged Ethics,0.327,4.56,21.93%
24207067,Taree,R6,525m,Rest,2,Sparky Key,0.612,3.56,28.09%
24207067,Taree,R6,525m,Rest,3,Ritzy Ritzy,0.549,6.07,16.47%
24207067,Taree,R6,525m,Rest,4,Just Savage,0.235,11.50,8.70%
24207067,Taree,R6,525m,Rest,6,Major Flirt,0.357,8.16,12.25%
24207067,Taree,R6,525m,Rest,7,Bago Sweetie,0.350,9.67,10.34%
24207067,Taree,R6,525m,Rest,8,Mickey Dawn,0.190,45.26,2.21%
242070675,Taree,R7,525m,Gr4/5,1,No Shares,0.613,6.97,14.35%
242070675,Taree,R7,525m,Gr4/5,2,Firethorn,0.641,4.20,23.81%
242070675,Taree,R7,525m,Gr4/5,3,Little Granny,0.598,14.79,6.76%
242070675,Taree,R7,525m,Gr4/5,4,Texs Ear,0.453,57.69,1.73%
242070675,Taree,R7,525m,Gr4/5,5,Wally Wombat,0.310,50.28,1.99%
242070675,Taree,R7,525m,Gr4/5,6,Dynamic Aussie,0.718,34.99,2.86%
242070675,Taree,R7,525m,Gr4/5,7,Ash Tray Change,0.719,8.63,11.59%
242070675,Taree,R7,525m,Gr4/5,8,Sandave Ablaze,0.599,2.71,36.90%
24207068,Taree,R8,300m,Gr4/5,1,Lampent Bale,0.336,11.43,8.75%
24207068,Taree,R8,300m,Gr4/5,2,Beer Money,0.819,2.96,33.78%
24207068,Taree,R8,300m,Gr4/5,3,Impress Fowler,0.803,7.03,14.22%
24207068,Taree,R8,300m,Gr4/5,4,Giggling Dixie,0.694,32.06,3.12%
24207068,Taree,R8,300m,Gr4/5,5,Calla Naughty,0.749,3.49,28.65%
24207068,Taree,R8,300m,Gr4/5,6,Fun Key Fun,0.625,12.81,7.81%
24207068,Taree,R8,300m,Gr4/5,7,Sirius Psycho,0.532,148.10,0.68%
24207068,Taree,R8,300m,Gr4/5,8,Missy Banner,0.421,33.24,3.01%
242070685,Taree,R9,300m,Gr5,1,Semtex,0.297,4.06,24.63%
242070685,Taree,R9,300m,Gr5,2,Majestic Emmy,0.771,3.61,27.70%
242070685,Taree,R9,300m,Gr5,3,Scott Wednesday,0.683,5.46,18.32%
242070685,Taree,R9,300m,Gr5,4,Teeny Tippett,0.587,22.39,4.47%
242070685,Taree,R9,300m,Gr5,5,Tralee Chance,0.414,40.44,2.47%
242070685,Taree,R9,300m,Gr5,6,Crossed Toes,0.642,8.03,12.45%
242070685,Taree,R9,300m,Gr5,7,Humble Smiles,0.433,16.87,5.93%
242070685,Taree,R9,300m,Gr5,8,Kiss Me Quick,0.502,24.53,4.08%
242069922,Temora,R1,330m,Mdn,1,Reefton Wrecker,Unknown,8.07,12.39%
242069922,Temora,R1,330m,Mdn,2,Winnie Rock,0.448,5.43,18.42%
242069922,Temora,R1,330m,Mdn,3,Fulfilment,Unknown,5.55,18.02%
242069922,Temora,R1,330m,Mdn,4,Even Bigger Deal,Unknown,8.31,12.03%
242069922,Temora,R1,330m,Mdn,5,Another Promise,Unknown,4.89,20.45%
242069922,Temora,R1,330m,Mdn,6,Dana Magic,Unknown,12.89,7.76%
242069922,Temora,R1,330m,Mdn,7,Gilgunnia Ollie,0.149,34.46,2.90%
242069922,Temora,R1,330m,Mdn,8,Silvertree Scar,Unknown,12.42,8.05%
242069967,Temora,R10,330m,Gr5,1,Our Country Boy,0.430,8.30,12.05%
242069967,Temora,R10,330m,Gr5,2,Mars Bale,0.439,8.75,11.43%
242069967,Temora,R10,330m,Gr5,3,Lucy Valentine,0.633,4.18,23.92%
242069967,Temora,R10,330m,Gr5,4,Aston Wrapper,0.772,160.61,0.62%
242069967,Temora,R10,330m,Gr5,5,Calculus,0.664,24.19,4.13%
242069967,Temora,R10,330m,Gr5,6,Van Rooyen,0.493,7.55,13.25%
242069967,Temora,R10,330m,Gr5,7,Sophies Desire,Unknown,6.94,14.41%
242069967,Temora,R10,330m,Gr5,8,Cheerful Cow,0.504,4.96,20.16%
242069972,Temora,R11,330m,Gr5,1,Amazing Gem,0.488,3.08,32.47%
242069972,Temora,R11,330m,Gr5,2,Dana Mac,Unknown,20.03,4.99%
242069972,Temora,R11,330m,Gr5,3,Black Granite,0.095,16.62,6.02%
242069972,Temora,R11,330m,Gr5,4,Capala,0.691,6.64,15.06%
242069972,Temora,R11,330m,Gr5,5,Dana Jay,Unknown,23.92,4.18%
242069972,Temora,R11,330m,Gr5,6,Mason Kai,0.573,72.63,1.38%
242069972,Temora,R11,330m,Gr5,7,Leoni Bale,0.314,3.42,29.24%
242069972,Temora,R11,330m,Gr5,8,Mr Swindells,Unknown,15.12,6.61%
242069977,Temora,R12,330m,Gr5,1,Silvertree Fox,0.588,4.19,23.87%
242069977,Temora,R12,330m,Gr5,2,Oscar Titus,0.457,5.17,19.34%
242069977,Temora,R12,330m,Gr5,3,Zulu Zebra,0.419,10.59,9.44%
242069977,Temora,R12,330m,Gr5,4,Orson Jimmy,0.356,3.88,25.77%
242069977,Temora,R12,330m,Gr5,5,Big Town Jinx,0.617,9.61,10.41%
242069977,Temora,R12,330m,Gr5,6,Silvertree Floss,0.558,34.73,2.88%
242069977,Temora,R12,330m,Gr5,7,My Names Jackie,0.503,32.18,3.11%
242069977,Temora,R12,330m,Gr5,8,Razzle Ann,0.332,19.06,5.25%
242069927,Temora,R2,330m,M2/3,1,Dark Law,0.567,10.41,9.61%
242069927,Temora,R2,330m,M2/3,2,West On Strobe,0.637,5.45,18.35%
242069927,Temora,R2,330m,M2/3,3,Boobook,Unknown,85.92,1.16%
242069927,Temora,R2,330m,M2/3,4,Scorching Boy,0.742,1.97,50.76%
242069927,Temora,R2,330m,M2/3,5,Pinned,0.534,25.20,3.97%
242069927,Temora,R2,330m,M2/3,6,Totally Deluded,0.574,19.24,5.20%
242069927,Temora,R2,330m,M2/3,7,Lightning Sharp,0.431,"1,285.46",0.08%
242069927,Temora,R2,330m,M2/3,8,Bonnies Chance,0.480,9.12,10.96%
242069932,Temora,R3,330m,Gr5,1,Yathong Tiger,0.362,5.03,19.88%
242069932,Temora,R3,330m,Gr5,2,Sheer Style,0.477,15.59,6.41%
242069932,Temora,R3,330m,Gr5,3,Magical Maurice,Unknown,52.22,1.91%
242069932,Temora,R3,330m,Gr5,4,More Rage,Unknown,5.39,18.55%
242069932,Temora,R3,330m,Gr5,5,Lone Chime,0.464,12.41,8.06%
242069932,Temora,R3,330m,Gr5,6,Darby Said,Unknown,10.66,9.38%
242069932,Temora,R3,330m,Gr5,7,Kim Laurice,Unknown,7.24,13.81%
242069932,Temora,R3,330m,Gr5,8,Blue Jezebel,0.464,4.55,21.98%
242069937,Temora,R4,330m,Gr5,1,Yabby Gang,0.373,15.09,6.63%
242069937,Temora,R4,330m,Gr5,2,Honey Back,0.426,5.99,16.69%
242069937,Temora,R4,330m,Gr5,3,Jude Said,0.485,4.37,22.88%
242069937,Temora,R4,330m,Gr5,4,Kiando Florence,0.373,7.11,14.06%
242069937,Temora,R4,330m,Gr5,5,Haradas Me Dad,0.547,66.61,1.50%
242069937,Temora,R4,330m,Gr5,6,All Things Go,Unknown,3.86,25.91%
242069937,Temora,R4,330m,Gr5,7,Hurdling Harold,0.425,8.53,11.72%
242069937,Temora,R4,330m,Gr5,8,Reefton Bluebell,0.263,166.31,0.60%
242069942,Temora,R5,457m,Gr4/5,1,Barooga Pete,0.253,39.36,2.54%
242069942,Temora,R5,457m,Gr4/5,2,Corleone Blue,Unknown,9.41,10.63%
242069942,Temora,R5,457m,Gr4/5,3,Corleone Flight,0.567,5.25,19.05%
242069942,Temora,R5,457m,Gr4/5,4,Potent Cartier,0.410,19.36,5.17%
242069942,Temora,R5,457m,Gr4/5,5,Biancas Boy,0.497,7.15,13.99%
242069942,Temora,R5,457m,Gr4/5,6,Faithful Flyer,0.215,22.88,4.37%
242069942,Temora,R5,457m,Gr4/5,7,Chasin Opie,0.619,39.47,2.53%
242069942,Temora,R5,457m,Gr4/5,8,Stew Bob,0.679,2.40,41.67%
242069947,Temora,R6,457m,Gr5,1,Stand Guard,0.210,8.30,12.05%
242069947,Temora,R6,457m,Gr5,2,Buddy Moses,0.433,20.13,4.97%
242069947,Temora,R6,457m,Gr5,3,Punch On Ali,0.363,15.27,6.55%
242069947,Temora,R6,457m,Gr5,4,Lone Shark,0.589,4.31,23.20%
242069947,Temora,R6,457m,Gr5,5,Ultimate Eclipse,0.694,4.30,23.26%
242069947,Temora,R6,457m,Gr5,6,West End Riot,0.590,25.00,4.00%
242069947,Temora,R6,457m,Gr5,7,Tin Roof Rusty,0.545,5.01,19.96%
242069947,Temora,R6,457m,Gr5,8,Aston Paycheck,0.549,16.75,5.97%
242069952,Temora,R7,330m,Gr4/5,1,Trixies Chance,Unknown,12.47,8.02%
242069952,Temora,R7,330m,Gr4/5,2,Notorious Belle,0.501,10.09,9.91%
242069952,Temora,R7,330m,Gr4/5,3,Silvers Fury,0.599,12.95,7.72%
242069952,Temora,R7,330m,Gr4/5,4,Another Bianca,0.658,2.12,47.17%
242069952,Temora,R7,330m,Gr4/5,6,Harry Confetti,0.449,61.08,1.64%
242069952,Temora,R7,330m,Gr4/5,7,Dana Billy,0.493,101.36,0.99%
242069952,Temora,R7,330m,Gr4/5,8,Scarlets Desire,Unknown,4.08,24.51%
242069957,Temora,R8,330m,FFA,1,Pigeons Desire,Unknown,1.75,57.14%
242069957,Temora,R8,330m,FFA,2,Nates Fury,0.675,9.65,10.36%
242069957,Temora,R8,330m,FFA,3,Maximus Will,0.650,20.74,4.82%
242069957,Temora,R8,330m,FFA,4,My Mate Timmy,0.394,15.18,6.59%
242069957,Temora,R8,330m,FFA,6,Next Of Kin,0.572,135.34,0.74%
242069957,Temora,R8,330m,FFA,7,Miss Fahrenheit,0.682,5.46,18.32%
242069957,Temora,R8,330m,FFA,8,Dana Dasha,0.627,53.15,1.88%
242069962,Temora,R9,330m,Gr5,1,Romantic Secret,0.466,35.16,2.84%
242069962,Temora,R9,330m,Gr5,2,Mala Angel,0.665,21.05,4.75%
242069962,Temora,R9,330m,Gr5,3,Saiko,0.352,232.80,0.43%
242069962,Temora,R9,330m,Gr5,4,Cooks Chance,Unknown,16.91,5.91%
242069962,Temora,R9,330m,Gr5,5,Sasha Keeping,0.679,8.76,11.42%
242069962,Temora,R9,330m,Gr5,6,Travelling Gem,0.579,7.58,13.19%
242069962,Temora,R9,330m,Gr5,7,Dana Angus,0.435,16.77,5.96%
242069962,Temora,R9,330m,Gr5,8,My Three Boys,0.793,1.80,55.56%
242077238,The Meadows,R1,525m,Mdn,1,Rebel Sal,0.376,9.88,10.12%
242077238,The Meadows,R1,525m,Mdn,2,Im Kenny,Unknown,6.96,14.37%
242077238,The Meadows,R1,525m,Mdn,3,Five Jacks,0.524,5.92,16.89%
242077238,The Meadows,R1,525m,Mdn,4,Walking Easy,0.482,3.22,31.06%
242077238,The Meadows,R1,525m,Mdn,6,Novas Fern,0.140,133.01,0.75%
242077238,The Meadows,R1,525m,Mdn,7,King Of Snake,0.395,7.70,12.99%
242077238,The Meadows,R1,525m,Mdn,8,Diplomat,0.591,7.25,13.79%
242077283,The Meadows,R10,525m,Heat,1,Big Duke,0.647,10.40,9.62%
242077283,The Meadows,R10,525m,Heat,2,Im Honey,Unknown,16.40,6.10%
242077283,The Meadows,R10,525m,Heat,4,Paw Vernon,0.864,2.00,50.00%
242077283,The Meadows,R10,525m,Heat,5,Leroys Girl,0.591,10.13,9.87%
242077283,The Meadows,R10,525m,Heat,7,Lure Of Kilkenny,0.683,8.81,11.35%
242077283,The Meadows,R10,525m,Heat,8,Lyns Bianca,0.657,7.66,13.05%
242077243,The Meadows,R2,600m,Rest,1,Edward Nigma,0.181,4.11,24.33%
242077243,The Meadows,R2,600m,Rest,2,Zenvo Yoyo,0.279,11.87,8.42%
242077243,The Meadows,R2,600m,Rest,3,Iowa Lass,0.276,9.41,10.63%
242077243,The Meadows,R2,600m,Rest,4,Lady Breanna,0.705,2.02,49.50%
242077243,The Meadows,R2,600m,Rest,5,Redeem Her,0.404,227.47,0.44%
242077243,The Meadows,R2,600m,Rest,6,Smokey Bourbski,0.333,41.16,2.43%
242077243,The Meadows,R2,600m,Rest,7,Rugrat Tommy,0.137,125.74,0.80%
242077243,The Meadows,R2,600m,Rest,8,Smooth Heat,0.246,29.94,3.34%
242077248,The Meadows,R3,600m,Rest,1,Just Got Paid,0.284,7.10,14.08%
242077248,The Meadows,R3,600m,Rest,2,Princetown Flyer,0.600,6.25,16.00%
242077248,The Meadows,R3,600m,Rest,3,Swift Gift,0.455,3.36,29.76%
242077248,The Meadows,R3,600m,Rest,4,Newhaven Sequoia,0.208,51.85,1.93%
242077248,The Meadows,R3,600m,Rest,5,Auntie Amber,0.274,6.39,15.65%
242077248,The Meadows,R3,600m,Rest,6,Amron Buster,0.154,8.76,11.42%
242077248,The Meadows,R3,600m,Rest,8,Paw Helion,0.200,8.97,11.15%
242077253,The Meadows,R4,525m,Gr4/5,1,Arandt About,0.666,12.04,8.31%
242077253,The Meadows,R4,525m,Gr4/5,2,Morton,0.692,1.59,62.89%
242077253,The Meadows,R4,525m,Gr4/5,3,Aston Gaga,0.766,10.57,9.46%
242077253,The Meadows,R4,525m,Gr4/5,4,Twilight Jet,0.555,64.65,1.55%
242077253,The Meadows,R4,525m,Gr4/5,6,Prince Pierre,0.417,30.79,3.25%
242077253,The Meadows,R4,525m,Gr4/5,7,Nizhoni,0.503,23.90,4.18%
242077253,The Meadows,R4,525m,Gr4/5,8,Spencer,0.767,9.74,10.27%
242077258,The Meadows,R5,525m,Gr6/7,1,Count The Stars,0.336,3.07,32.57%
242077258,The Meadows,R5,525m,Gr6/7,2,Bindy Blazer,0.489,9.28,10.78%
242077258,The Meadows,R5,525m,Gr6/7,3,Lose My Number,0.334,49.07,2.04%
242077258,The Meadows,R5,525m,Gr6/7,4,Shaggy Bear,0.202,385.88,0.26%
242077258,The Meadows,R5,525m,Gr6/7,5,Wheres Nassif,0.778,4.80,20.83%
242077258,The Meadows,R5,525m,Gr6/7,6,Come Find Me,0.567,8.41,11.89%
242077258,The Meadows,R5,525m,Gr6/7,7,Darra Rogue,0.528,12.25,8.16%
242077258,The Meadows,R5,525m,Gr6/7,8,Thunderstone,0.675,7.40,13.51%
242077263,The Meadows,R6,525m,Heat,1,Little Darl,0.502,10.03,9.97%
242077263,The Meadows,R6,525m,Heat,2,Queen Kimetto,0.431,11.21,8.92%
242077263,The Meadows,R6,525m,Heat,3,Paw Zelini,0.884,1.83,54.64%
242077263,The Meadows,R6,525m,Heat,4,Mixed Dozen,0.601,43.14,2.32%
242077263,The Meadows,R6,525m,Heat,6,Shanlyn Scout,0.624,8.78,11.39%
242077263,The Meadows,R6,525m,Heat,7,Tokyo Heist,0.394,9.86,10.14%
242077263,The Meadows,R6,525m,Heat,8,Bun Undercurrent,0.578,37.60,2.66%
242077268,The Meadows,R7,525m,Heat,2,Sharapova Star,0.908,2.01,49.75%
242077268,The Meadows,R7,525m,Heat,4,Hurricane Mist,0.383,50.54,1.98%
242077268,The Meadows,R7,525m,Heat,6,Bag Of Snags,0.170,14.75,6.78%
242077268,The Meadows,R7,525m,Heat,7,Holden Bale,0.467,3.29,30.40%
242077268,The Meadows,R7,525m,Heat,8,Doongalla Shane,0.561,8.90,11.24%
242077273,The Meadows,R8,730m,Gr5,1,Sephora Bale,0.341,3.66,27.32%
242077273,The Meadows,R8,730m,Gr5,2,Regal Barry,0.505,13.88,7.20%
242077273,The Meadows,R8,730m,Gr5,3,Double Denim,0.712,5.33,18.76%
242077273,The Meadows,R8,730m,Gr5,4,Westerly Bale,0.361,28.64,3.49%
242077273,The Meadows,R8,730m,Gr5,6,Lamia Taya,0.640,4.99,20.04%
242077273,The Meadows,R8,730m,Gr5,7,Statue Of Time,0.249,10.88,9.19%
242077273,The Meadows,R8,730m,Gr5,8,Paw Louis,0.406,7.17,13.95%
242077278,The Meadows,R9,525m,Heat,1,Disheveled,0.471,6.11,16.37%
242077278,The Meadows,R9,525m,Heat,2,Go Go Evie,0.595,5.65,17.70%
242077278,The Meadows,R9,525m,Heat,4,Riversdale Mick,0.644,2.76,36.23%
242077278,The Meadows,R9,525m,Heat,5,Paw Toronto,0.574,4.37,22.88%
242077278,The Meadows,R9,525m,Heat,7,Miss Jazz,0.553,20.21,4.95%
242077278,The Meadows,R9,525m,Heat,8,Catch A Cod,0.532,53.06,1.88%